#
# A fatal error has been detected by the Java Runtime Environment:
#
#  SIGSEGV (0xb) at pc=0x0000000104449418, pid=71285, tid=259
#
# JRE version: Java(TM) SE Runtime Environment (21.0.7+8) (build 21.0.7+8-LTS-245)
# Java VM: Java HotSpot(TM) 64-Bit Server VM (21.0.7+8-LTS-245, mixed mode, sharing, tiered, compressed oops, compressed class ptrs, g1 gc, bsd-aarch64)
# Problematic frame:
# V  [libjvm.dylib+0x581418]  JNIHandleBlock::allocate_handle(JavaThread*, oopDesc*, AllocFailStrategy::AllocFailEnum)+0x38
#
# No core dump will be written. Core dumps have been disabled. To enable core dumping, try "ulimit -c unlimited" before starting Java again
#
# If you would like to submit a bug report, please visit:
#   https://bugreport.java.com/bugreport/crash.jsp
#

---------------  S U M M A R Y ------------

Command Line: --module-path=/Users/kavinduakash/Developer/IJSE/PRF/supermarket/target/classes:/Users/kavinduakash/.m2/repository/net/sf/jasperreports/jasperreports/7.0.3/jasperreports-7.0.3.jar:/Users/kavinduakash/.m2/repository/org/openjfx/javafx-base/17.0.2/javafx-base-17.0.2-mac-aarch64.jar:/Users/kavinduakash/.m2/repository/org/openjfx/javafx-controls/17.0.2/javafx-controls-17.0.2-mac-aarch64.jar:/Users/kavinduakash/.m2/repository/org/openjfx/javafx-fxml/17.0.2/javafx-fxml-17.0.2-mac-aarch64.jar:/Users/kavinduakash/.m2/repository/org/openjfx/javafx-graphics/17.0.2/javafx-graphics-17.0.2-mac-aarch64.jar --add-modules=lk.ijse.supermarket -Djdk.module.main=lk.ijse.supermarket lk.ijse.supermarket/lk.ijse.supermarket.App

Host: "Mac16,12" arm64, 10 cores, 16G, Darwin 24.6.0, macOS 15.6.1 (24G90)
Time: Mon Dec 15 13:35:01 2025 +0530 elapsed time: 261.347228 seconds (0d 0h 4m 21s)

---------------  T H R E A D  ---------------

Current thread is native thread

Stack: [0x000000016c988000,0x000000016d184000],  sp=0x000000016d17e170,  free space=8152k
Native frames: (J=compiled Java code, j=interpreted, Vv=VM code, C=native code)
V  [libjvm.dylib+0x581418]  JNIHandleBlock::allocate_handle(JavaThread*, oopDesc*, AllocFailStrategy::AllocFailEnum)+0x38
V  [libjvm.dylib+0x53dfb4]  jni_NewLocalRef+0x140
C  [libawt_lwawt.dylib+0x11430]  -[AWTWindow _deliverMoveResizeEvent]+0xbc
C  [CoreFoundation+0x7146c]  __CFNOTIFICATIONCENTER_IS_CALLING_OUT_TO_AN_OBSERVER__+0x94
C  [CoreFoundation+0x100b28]  ___CFXRegistrationPost_block_invoke+0x5c
C  [CoreFoundation+0x100a6c]  _CFXRegistrationPost+0x1b4
C  [CoreFoundation+0x408b8]  _CFXNotificationPost+0x2e4
C  [Foundation+0x9680]  -[NSNotificationCenter postNotificationName:object:userInfo:]+0x58
C  [AppKit+0x7d610]  -[NSWindow _setFrameCommon:display:fromServer:]+0x8a4
C  [AppKit+0xb6b7e4]  -[NSWindow(NSScreenLayout) _setFrame:fromAdjustmentToScreen:anchorIfNeeded:animate:]+0x268
C  [AppKit+0x316450]  -[NSWindow _adjustWindowToScreen]+0x4a0
C  [AppKit+0x335eac]  -[NSWindow _displayChangedSoAdjustWindows:]+0x64
C  [AppKit+0xebccb0]  ___NSApplicationPerformScreenInvalidationReactions_block_invoke+0x54
C  [AppKit+0x35788]  -[NSApplication enumerateWindowsWithOptions:usingBlock:]+0xec
C  [AppKit+0xebc5b0]  ___NSApplicationReactToScreenInvalidation_block_invoke+0x3f4
C  [AppKit+0xebbdf0]  _NSApplicationReactToScreenInvalidation+0x134
C  [AppKit+0xebc03c]  -[NSApplication(ScreenHandling) _reactToDisplayChanges:]+0x1a0
C  [AppKit+0x96abac]  _NSCGSDisplayConfigurationUpdateAndInvokeObservers+0x1b4
C  [AppKit+0x96b090]  _NSCGSDisplayConfigurationDidReconfigureNotificationHandler+0x13c
C  [SkyLight+0xb030]  (anonymous namespace)::notify_datagram_handler(unsigned int, CGSDatagramType, void*, unsigned long, void*)+0x398
C  [SkyLight+0x419774]  CGSDatagramReadStream::dispatchMainQueueDatagrams()+0x11c
C  [SkyLight+0x419638]  invocation function for block in CGSDatagramReadStream::mainQueueWakeup()+0x1c
C  [libdispatch.dylib+0x1b2c]  _dispatch_call_block_and_release+0x20
C  [libdispatch.dylib+0x1b85c]  _dispatch_client_callout+0x10
C  [libdispatch.dylib+0x38b80]  _dispatch_main_queue_drain.cold.5+0x32c
C  [libdispatch.dylib+0x10db0]  _dispatch_main_queue_drain+0xb4
C  [libdispatch.dylib+0x10cec]  _dispatch_main_queue_callback_4CF+0x2c
C  [CoreFoundation+0xbabe0]  __CFRUNLOOP_IS_SERVICING_THE_MAIN_DISPATCH_QUEUE__+0x10
C  [CoreFoundation+0x7b8dc]  __CFRunLoopRun+0x7bc
C  [CoreFoundation+0x7aa98]  CFRunLoopRunSpecific+0x23c
C  [libjli.dylib+0xd1a8]  CreateExecutionEnvironment+0x190
C  [libjli.dylib+0x92a0]  JLI_Launch+0x468
C  [java+0x3bb4]  main+0x18c
C  [dyld+0x6b98]  start+0x17bc

siginfo: si_signo: 11 (SIGSEGV), si_code: 2 (SEGV_ACCERR), si_addr: 0x0000000000000100

Registers:
 x0=0x0000000000000000  x1=0x000000014ba56400  x2=0x0000000701b61a70  x3=0x0000000000000001
 x4=0x000060000162de00  x5=0x0000000000041400  x6=0x000000016d17e2f4  x7=0x000000016d17e2e8
 x8=0x000000014b82de00  x9=0x0000000000000000 x10=0x000000000008f200 x11=0x00000000005f9e80
x12=0x0000000000006f30 x13=0x0000000000000001 x14=0x000000014b08f200 x15=0x000000014b08f200
x16=0x000000014b0081f8 x17=0x0000000208a9a0c0 x18=0x0000000000000000 x19=0x0000000701b61a70
x20=0x0000000000000000 x21=0x0000000000000001 x22=0x000000014ba56400 x23=0x0000000000000001
x24=0x0000000104b88860 x25=0x0000000000041400 x26=0x0000000000000000 x27=0x000000ce000000bb
x28=0x000000016d17e358  fp=0x000000016d17e1a0  lr=0x0000000104405fb4  sp=0x000000016d17e170
pc=0x0000000104449418 cpsr=0x0000000060000000

Top of Stack: (sp=0x000000016d17e170)
0x000000016d17e170:   0000000000000000 00006000017490c0
0x000000016d17e180:   00006000039de280 000000014aeb1ba1
0x000000016d17e190:   0000000000000000 000000014ba56400
0x000000016d17e1a0:   000000016d17e1f0 0000000104405fb4
0x000000016d17e1b0:   000000014ba56400 000000014b08f210
0x000000016d17e1c0:   0000000100000054 0000000000000000
0x000000016d17e1d0:   00006000039de280 00006000039de280
0x000000016d17e1e0:   0000000104405e74 000000014ba567b8
0x000000016d17e1f0:   000000016d17e2a0 00000001753d5430
0x000000016d17e200:   000000014b3b8ae8 2399d61a426f0061
0x000000016d17e210:   00000000ffffffff 0000000000000028
0x000000016d17e220:   0000000000000019 000000016d17e2e7
0x000000016d17e230:   4094d40000000000 408a880000000000
0x000000016d17e240:   4051000000000000 4068200000000000
0x000000016d17e250:   000000016d17e358 000000ce000000bb
0x000000016d17e260:   0000000000000000 0000000000041400
0x000000016d17e270:   0000000000000000 00006000017490c0
0x000000016d17e280:   00006000039de280 000060000162de00
0x000000016d17e290:   000000016d17e438 000000021580574a
0x000000016d17e2a0:   000000016d17e2f0 000000019abe746c
0x000000016d17e2b0:   0000000000000000 0000000000041400
0x000000016d17e2c0:   0000000000000000 00006000017490c0
0x000000016d17e2d0:   000060000162de00 00006000039de280
0x000000016d17e2e0:   000000016d17e438 000000016d17e348
0x000000016d17e2f0:   000000016d17e330 000000019ac76b28
0x000000016d17e300:   000000021580574a 0000000000000000
0x000000016d17e310:   0000000000000000 2399d61a426f0061
0x000000016d17e320:   000000016d17e438 0000000000000000
0x000000016d17e330:   000000016d17e410 000000019ac76a6c
0x000000016d17e340:   0000000000000000 0000000208a9ba08
0x000000016d17e350:   00000000c2000000 000000019ac76acc
0x000000016d17e360:   0000000209eadd48 000060000162de00 

Instructions: (pc=0x0000000104449418)
0x0000000104449318:   c0 03 5f d6 fd 7b bf a9 fd 03 00 91 e8 39 00 f0
0x0000000104449328:   00 2d 44 f9 fd 7b c1 a8 c0 03 5f d6 fd 7b bf a9
0x0000000104449338:   fd 03 00 91 80 2e 00 f0 00 cc 20 91 21 01 80 52
0x0000000104449348:   5e 1b 0b 94 e8 39 00 f0 00 29 04 f9 80 2e 00 f0
0x0000000104449358:   00 f8 20 91 21 01 80 52 64 1b 0b 94 e8 39 00 f0
0x0000000104449368:   00 2d 04 f9 fd 7b c1 a8 c0 03 5f d6 fd 7b bf a9
0x0000000104449378:   fd 03 00 91 e2 03 00 aa 60 39 00 f0 00 20 03 91
0x0000000104449388:   08 00 40 f9 00 01 3f d6 c2 00 00 b4 01 00 40 f9
0x0000000104449398:   20 14 42 f9 03 00 80 52 fd 7b c1 a8 0f 00 00 14
0x00000001044493a8:   00 00 80 d2 fd 7b c1 a8 c0 03 5f d6 e3 03 02 aa
0x00000001044493b8:   e2 03 01 aa e1 00 00 b4 fd 7b bf a9 fd 03 00 91
0x00000001044493c8:   e1 03 00 aa 00 14 42 f9 fd 7b c1 a8 03 00 00 14
0x00000001044493d8:   00 00 80 d2 c0 03 5f d6 f8 5f bc a9 f6 57 01 a9
0x00000001044493e8:   f4 4f 02 a9 fd 7b 03 a9 fd c3 00 91 f5 03 03 aa
0x00000001044493f8:   f3 03 02 aa f6 03 01 aa f4 03 00 aa 37 00 80 52
0x0000000104449408:   f8 39 00 f0 18 83 21 91 02 00 00 14 88 8a 00 f9
0x0000000104449418:   88 02 41 b9 c8 00 00 34 88 8a 40 f9 09 01 81 b9
0x0000000104449428:   3f 7d 00 71 0c 02 00 54 66 00 00 14 88 86 40 f9
0x0000000104449438:   c8 00 00 b4 09 01 41 b9 89 00 00 34 1f 01 01 b9
0x0000000104449448:   08 85 40 f9 88 ff ff b5 9f 92 00 f9 9f 06 01 b9
0x0000000104449458:   e8 03 14 aa 94 8a 00 f9 09 01 81 b9 3f 7d 00 71
0x0000000104449468:   0d 0b 00 54 80 92 40 f9 40 0b 00 b5 08 85 40 f9
0x0000000104449478:   e8 fc ff b5 88 06 41 b9 e8 01 00 34 d6 00 00 b4
0x0000000104449488:   c0 1a 42 f9 80 00 00 b4 08 84 40 f9 c8 1a 02 f9
0x0000000104449498:   3f 00 00 14 00 25 80 52 21 01 80 52 bf 06 00 71
0x00000001044494a8:   81 05 00 54 22 00 80 52 05 f7 ee 97 60 05 00 b5
0x00000001044494b8:   3a 00 00 14 0b 00 80 d2 09 00 80 52 ea 03 14 aa
0x00000001044494c8:   04 00 00 14 29 05 00 11 4a 85 40 f9 ca 02 00 b4
0x00000001044494d8:   4e 01 41 b9 df 05 00 71 6b ff ff 54 0c 00 80 d2
0x00000001044494e8:   ed 03 0a aa 05 00 00 14 8c 05 00 91 ad 21 00 91
0x00000001044494f8:   9f c1 2e eb 8a fe ff 54 af 01 40 f9 6f ff ff b5
0x0000000104449508:   6e 01 40 b2 7f 01 00 f1 eb 03 8e 9a ab 01 00 f9 



---------------  P R O C E S S  ---------------

VM state: not at safepoint (normal execution)

VM Mutex/Monitor currently owned by a thread: None

Heap address: 0x0000000700000000, size: 4096 MB, Compressed Oops mode: Zero based, Oop shift amount: 3

CDS archive(s) mapped at: [0x0000007000000000-0x0000007000ca8000-0x0000007000ca8000), size 13271040, SharedBaseAddress: 0x0000007000000000, ArchiveRelocationMode: 1.
Compressed class space mapped at: 0x0000007001000000-0x0000007041000000, reserved size: 1073741824
Narrow klass base: 0x0000007000000000, Narrow klass shift: 0, Narrow klass range: 0x100000000

GC Precious Log:
<Skipped>

Heap:
 garbage-first heap   total 71680K, used 48289K [0x0000000700000000, 0x0000000800000000)
  region size 2048K, 15 young (30720K), 3 survivors (6144K)
 Metaspace       used 49253K, committed 49728K, reserved 1114112K
  class space    used 6219K, committed 6464K, reserved 1048576K

Heap Regions: E=young(eden), S=young(survivor), O=old, HS=humongous(starts), HC=humongous(continues), CS=collection set, F=free, TAMS=top-at-mark-start, PB=parsable bottom
|   0|0x0000000700000000, 0x0000000700200000, 0x0000000700200000|100%| O|  |TAMS 0x0000000700000000| PB 0x0000000700000000| Untracked 
|   1|0x0000000700200000, 0x0000000700400000, 0x0000000700400000|100%| O|  |TAMS 0x0000000700200000| PB 0x0000000700200000| Untracked 
|   2|0x0000000700400000, 0x00000007005e3418, 0x0000000700600000| 94%| O|  |TAMS 0x0000000700400000| PB 0x0000000700400000| Untracked 
|   3|0x0000000700600000, 0x0000000700800000, 0x0000000700800000|100%| O|  |TAMS 0x0000000700600000| PB 0x0000000700600000| Untracked 
|   4|0x0000000700800000, 0x0000000700a00000, 0x0000000700a00000|100%|HS|  |TAMS 0x0000000700800000| PB 0x0000000700800000| Complete 
|   5|0x0000000700a00000, 0x0000000700c00000, 0x0000000700c00000|100%| O|  |TAMS 0x0000000700a00000| PB 0x0000000700a00000| Untracked 
|   6|0x0000000700c00000, 0x0000000700e00000, 0x0000000700e00000|100%| O|  |TAMS 0x0000000700c00000| PB 0x0000000700c00000| Untracked 
|   7|0x0000000700e00000, 0x0000000701000000, 0x0000000701000000|100%| O|  |TAMS 0x0000000700e00000| PB 0x0000000700e00000| Untracked 
|   8|0x0000000701000000, 0x0000000701200000, 0x0000000701200000|100%| O|  |TAMS 0x0000000701000000| PB 0x0000000701000000| Untracked 
|   9|0x0000000701200000, 0x0000000701200000, 0x0000000701400000|  0%| F|  |TAMS 0x0000000701200000| PB 0x0000000701200000| Untracked 
|  10|0x0000000701400000, 0x0000000701400000, 0x0000000701600000|  0%| F|  |TAMS 0x0000000701400000| PB 0x0000000701400000| Untracked 
|  11|0x0000000701600000, 0x0000000701800000, 0x0000000701800000|100%| S|CS|TAMS 0x0000000701600000| PB 0x0000000701600000| Complete 
|  12|0x0000000701800000, 0x0000000701a00000, 0x0000000701a00000|100%| S|CS|TAMS 0x0000000701800000| PB 0x0000000701800000| Complete 
|  13|0x0000000701a00000, 0x0000000701c00000, 0x0000000701c00000|100%| S|CS|TAMS 0x0000000701a00000| PB 0x0000000701a00000| Complete 
|  14|0x0000000701c00000, 0x0000000701c00000, 0x0000000701e00000|  0%| F|  |TAMS 0x0000000701c00000| PB 0x0000000701c00000| Untracked 
|  15|0x0000000701e00000, 0x0000000701e00000, 0x0000000702000000|  0%| F|  |TAMS 0x0000000701e00000| PB 0x0000000701e00000| Untracked 
|  16|0x0000000702000000, 0x0000000702000000, 0x0000000702200000|  0%| F|  |TAMS 0x0000000702000000| PB 0x0000000702000000| Untracked 
|  17|0x0000000702200000, 0x0000000702200000, 0x0000000702400000|  0%| F|  |TAMS 0x0000000702200000| PB 0x0000000702200000| Untracked 
|  18|0x0000000702400000, 0x0000000702400000, 0x0000000702600000|  0%| F|  |TAMS 0x0000000702400000| PB 0x0000000702400000| Untracked 
|  19|0x0000000702600000, 0x0000000702600000, 0x0000000702800000|  0%| F|  |TAMS 0x0000000702600000| PB 0x0000000702600000| Untracked 
|  20|0x0000000702800000, 0x0000000702800000, 0x0000000702a00000|  0%| F|  |TAMS 0x0000000702800000| PB 0x0000000702800000| Untracked 
|  21|0x0000000702a00000, 0x0000000702a00000, 0x0000000702c00000|  0%| F|  |TAMS 0x0000000702a00000| PB 0x0000000702a00000| Untracked 
|  22|0x0000000702c00000, 0x0000000702c3a418, 0x0000000702e00000| 11%| E|  |TAMS 0x0000000702c00000| PB 0x0000000702c00000| Complete 
|  23|0x0000000702e00000, 0x0000000703000000, 0x0000000703000000|100%| E|CS|TAMS 0x0000000702e00000| PB 0x0000000702e00000| Complete 
|  24|0x0000000703000000, 0x0000000703200000, 0x0000000703200000|100%| E|CS|TAMS 0x0000000703000000| PB 0x0000000703000000| Complete 
|  25|0x0000000703200000, 0x0000000703400000, 0x0000000703400000|100%| E|  |TAMS 0x0000000703200000| PB 0x0000000703200000| Complete 
|  26|0x0000000703400000, 0x0000000703600000, 0x0000000703600000|100%| E|CS|TAMS 0x0000000703400000| PB 0x0000000703400000| Complete 
|  27|0x0000000703600000, 0x0000000703800000, 0x0000000703800000|100%| E|CS|TAMS 0x0000000703600000| PB 0x0000000703600000| Complete 
|  28|0x0000000703800000, 0x0000000703a00000, 0x0000000703a00000|100%| E|CS|TAMS 0x0000000703800000| PB 0x0000000703800000| Complete 
| 118|0x000000070ec00000, 0x000000070ee00000, 0x000000070ee00000|100%| E|CS|TAMS 0x000000070ec00000| PB 0x000000070ec00000| Complete 
| 119|0x000000070ee00000, 0x000000070f000000, 0x000000070f000000|100%| E|CS|TAMS 0x000000070ee00000| PB 0x000000070ee00000| Complete 
| 120|0x000000070f000000, 0x000000070f200000, 0x000000070f200000|100%| E|CS|TAMS 0x000000070f000000| PB 0x000000070f000000| Complete 
| 121|0x000000070f200000, 0x000000070f400000, 0x000000070f400000|100%| E|CS|TAMS 0x000000070f200000| PB 0x000000070f200000| Complete 
| 127|0x000000070fe00000, 0x0000000710000000, 0x0000000710000000|100%| E|CS|TAMS 0x000000070fe00000| PB 0x000000070fe00000| Complete 
|2047|0x00000007ffe00000, 0x00000007fff0acc0, 0x0000000800000000| 52%| O|Cm|TAMS 0x00000007ffe00000| PB 0x00000007ffe00000| Complete 

Card table byte_map: [0x000000011c330000,0x000000011cb30000] _byte_map_base: 0x0000000118b30000

Marking Bits: (CMBitMap*) 0x000000014b010410
 Bits: [0x000000011cb30000, 0x0000000120b30000)

Polling page: 0x0000000102d0c000

Metaspace:

Usage:
  Non-class:     42.03 MB used.
      Class:      6.07 MB used.
       Both:     48.10 MB used.

Virtual space:
  Non-class space:       64.00 MB reserved,      42.25 MB ( 66%) committed,  1 nodes.
      Class space:        1.00 GB reserved,       6.31 MB ( <1%) committed,  1 nodes.
             Both:        1.06 GB reserved,      48.56 MB (  4%) committed. 

Chunk freelists:
   Non-Class:  4.81 MB
       Class:  9.69 MB
        Both:  14.50 MB

MaxMetaspaceSize: unlimited
CompressedClassSpaceSize: 1.00 GB
Initial GC threshold: 21.00 MB
Current GC threshold: 59.50 MB
CDS: on
 - commit_granule_bytes: 65536.
 - commit_granule_words: 8192.
 - virtual_space_node_default_size: 8388608.
 - enlarge_chunks_in_place: 1.
 - use_allocation_guard: 0.


Internal statistics:

num_allocs_failed_limit: 9.
num_arena_births: 558.
num_arena_deaths: 0.
num_vsnodes_births: 2.
num_vsnodes_deaths: 0.
num_space_committed: 777.
num_space_uncommitted: 0.
num_chunks_returned_to_freelist: 9.
num_chunks_taken_from_freelist: 1756.
num_chunk_merges: 3.
num_chunk_splits: 1275.
num_chunks_enlarged: 988.
num_inconsistent_stats: 0.

CodeHeap 'non-profiled nmethods': size=120032Kb used=2488Kb max_used=2488Kb free=117543Kb
 bounds [0x0000000114df8000, 0x0000000115068000, 0x000000011c330000]
CodeHeap 'profiled nmethods': size=120016Kb used=13013Kb max_used=13013Kb free=107002Kb
 bounds [0x000000010d330000, 0x000000010dff0000, 0x0000000114864000]
CodeHeap 'non-nmethods': size=5712Kb used=1928Kb max_used=1970Kb free=3783Kb
 bounds [0x0000000114864000, 0x0000000114ad4000, 0x0000000114df8000]
 total_blobs=7445 nmethods=6311 adapters=1042
 compilation: enabled
              stopped_count=0, restarted_count=0
 full_count=0

Compilation events (20 events):
Event: 59.073 Thread 0x000000014b084200 6761       4       jdk.internal.org.objectweb.asm.AnnotationWriter::putAnnotations (67 bytes)
Event: 59.074 Thread 0x000000014b084200 nmethod 6761 0x0000000115065810 code [0x00000001150659c0, 0x0000000115065b98]
Event: 59.074 Thread 0x000000014b084a00 6762       3       com.sun.javafx.tk.Toolkit::isFxUserThread (15 bytes)
Event: 59.074 Thread 0x000000014b084a00 nmethod 6762 0x000000010dfdfc90 code [0x000000010dfdfe40, 0x000000010dfdffe0]
Event: 80.535 Thread 0x000000014b084a00 6763       3       java.util.concurrent.locks.AbstractQueuedSynchronizer$Node::setStatusRelaxed (12 bytes)
Event: 80.536 Thread 0x000000014b084a00 nmethod 6763 0x000000010dfe0090 code [0x000000010dfe0200, 0x000000010dfe0320]
Event: 87.656 Thread 0x000000014b084200 6764       4       sun.java2d.pipe.RenderQueue::unlock (4 bytes)
Event: 87.660 Thread 0x000000014b084200 nmethod 6764 0x0000000115065d10 code [0x0000000115065f00, 0x00000001150661e8]
Event: 155.598 Thread 0x000000014b084a00 6765       3       jdk.internal.loader.BuiltinClassLoader::hasClassPath (13 bytes)
Event: 155.598 Thread 0x000000014b084a00 nmethod 6765 0x000000010dfe0390 code [0x000000010dfe0540, 0x000000010dfe06b8]
Event: 155.598 Thread 0x000000014b084a00 6766   !   3       jdk.internal.loader.BuiltinClassLoader::findMiscResource (122 bytes)
Event: 155.599 Thread 0x000000014b084a00 nmethod 6766 0x000000010dfe0790 code [0x000000010dfe0b00, 0x000000010dfe1d58]
Event: 170.607 Thread 0x000000014b084a00 6767       3       jdk.internal.loader.BuiltinClassLoader::checkURL (5 bytes)
Event: 170.608 Thread 0x000000014b084a00 nmethod 6767 0x000000010dfe2290 code [0x000000010dfe2440, 0x000000010dfe2638]
Event: 170.608 Thread 0x000000014b084a00 6768   !   3       jdk.internal.loader.URLClassPath::checkURL (16 bytes)
Event: 170.608 Thread 0x000000014b084a00 nmethod 6768 0x000000010dfe2710 code [0x000000010dfe28c0, 0x000000010dfe2a80]
Event: 205.637 Thread 0x000000014b084a00 6769       3       java.util.concurrent.locks.LockSupport::setBlocker (12 bytes)
Event: 205.637 Thread 0x000000014b084a00 nmethod 6769 0x000000010dfe2b90 code [0x000000010dfe2d40, 0x000000010dfe2f78]
Event: 235.663 Thread 0x000000014b084a00 6770   !   3       jdk.internal.loader.BuiltinClassLoader::findResource (154 bytes)
Event: 235.666 Thread 0x000000014b084a00 nmethod 6770 0x000000010dfe3010 code [0x000000010dfe34c0, 0x000000010dfe4bd0]

GC Heap History (14 events):
Event: 5.250 GC heap before
{Heap before GC invocations=0 (full 0):
 garbage-first heap   total 264192K, used 23595K [0x0000000700000000, 0x0000000800000000)
  region size 2048K, 11 young (22528K), 0 survivors (0K)
 Metaspace       used 4662K, committed 4800K, reserved 1114112K
  class space    used 522K, committed 576K, reserved 1048576K
}
Event: 5.250 GC heap after
{Heap after GC invocations=1 (full 0):
 garbage-first heap   total 264192K, used 5401K [0x0000000700000000, 0x0000000800000000)
  region size 2048K, 2 young (4096K), 2 survivors (4096K)
 Metaspace       used 4662K, committed 4800K, reserved 1114112K
  class space    used 522K, committed 576K, reserved 1048576K
}
Event: 5.585 GC heap before
{Heap before GC invocations=1 (full 0):
 garbage-first heap   total 264192K, used 46361K [0x0000000700000000, 0x0000000800000000)
  region size 2048K, 23 young (47104K), 2 survivors (4096K)
 Metaspace       used 19256K, committed 19648K, reserved 1114112K
  class space    used 2402K, committed 2560K, reserved 1048576K
}
Event: 5.587 GC heap after
{Heap after GC invocations=2 (full 0):
 garbage-first heap   total 264192K, used 11602K [0x0000000700000000, 0x0000000800000000)
  region size 2048K, 3 young (6144K), 3 survivors (6144K)
 Metaspace       used 19256K, committed 19648K, reserved 1114112K
  class space    used 2402K, committed 2560K, reserved 1048576K
}
Event: 5.647 GC heap before
{Heap before GC invocations=2 (full 0):
 garbage-first heap   total 264192K, used 21842K [0x0000000700000000, 0x0000000800000000)
  region size 2048K, 9 young (18432K), 3 survivors (6144K)
 Metaspace       used 21261K, committed 21504K, reserved 1114112K
  class space    used 2704K, committed 2816K, reserved 1048576K
}
Event: 5.649 GC heap after
{Heap after GC invocations=3 (full 0):
 garbage-first heap   total 264192K, used 12423K [0x0000000700000000, 0x0000000800000000)
  region size 2048K, 4 young (8192K), 4 survivors (8192K)
 Metaspace       used 21261K, committed 21504K, reserved 1114112K
  class space    used 2704K, committed 2816K, reserved 1048576K
}
Event: 13.453 GC heap before
{Heap before GC invocations=4 (full 0):
 garbage-first heap   total 61440K, used 55431K [0x0000000700000000, 0x0000000800000000)
  region size 2048K, 24 young (49152K), 4 survivors (8192K)
 Metaspace       used 28150K, committed 28544K, reserved 1114112K
  class space    used 3771K, committed 3968K, reserved 1048576K
}
Event: 13.455 GC heap after
{Heap after GC invocations=5 (full 0):
 garbage-first heap   total 71680K, used 17448K [0x0000000700000000, 0x0000000800000000)
  region size 2048K, 5 young (10240K), 5 survivors (10240K)
 Metaspace       used 28150K, committed 28544K, reserved 1114112K
  class space    used 3771K, committed 3968K, reserved 1048576K
}
Event: 13.598 GC heap before
{Heap before GC invocations=5 (full 0):
 garbage-first heap   total 71680K, used 48168K [0x0000000700000000, 0x0000000800000000)
  region size 2048K, 21 young (43008K), 5 survivors (10240K)
 Metaspace       used 35769K, committed 36160K, reserved 1114112K
  class space    used 4659K, committed 4864K, reserved 1048576K
}
Event: 13.602 GC heap after
{Heap after GC invocations=6 (full 0):
 garbage-first heap   total 71680K, used 20272K [0x0000000700000000, 0x0000000800000000)
  region size 2048K, 2 young (4096K), 2 survivors (4096K)
 Metaspace       used 35769K, committed 36160K, reserved 1114112K
  class space    used 4659K, committed 4864K, reserved 1048576K
}
Event: 13.605 GC heap before
{Heap before GC invocations=6 (full 0):
 garbage-first heap   total 71680K, used 20272K [0x0000000700000000, 0x0000000800000000)
  region size 2048K, 3 young (6144K), 2 survivors (4096K)
 Metaspace       used 36121K, committed 36480K, reserved 1114112K
  class space    used 4688K, committed 4864K, reserved 1048576K
}
Event: 13.606 GC heap after
{Heap after GC invocations=7 (full 0):
 garbage-first heap   total 71680K, used 19675K [0x0000000700000000, 0x0000000800000000)
  region size 2048K, 2 young (4096K), 2 survivors (4096K)
 Metaspace       used 36121K, committed 36480K, reserved 1114112K
  class space    used 4688K, committed 4864K, reserved 1048576K
}
Event: 15.310 GC heap before
{Heap before GC invocations=8 (full 0):
 garbage-first heap   total 71680K, used 54491K [0x0000000700000000, 0x0000000800000000)
  region size 2048K, 20 young (40960K), 2 survivors (4096K)
 Metaspace       used 48706K, committed 49152K, reserved 1114112K
  class space    used 6197K, committed 6400K, reserved 1048576K
}
Event: 15.311 GC heap after
{Heap after GC invocations=9 (full 0):
 garbage-first heap   total 71680K, used 25528K [0x0000000700000000, 0x0000000800000000)
  region size 2048K, 3 young (6144K), 3 survivors (6144K)
 Metaspace       used 48706K, committed 49152K, reserved 1114112K
  class space    used 6197K, committed 6400K, reserved 1048576K
}

Dll operation events (15 events):
Event: 0.003 Loaded shared library /Library/Java/JavaVirtualMachines/jdk-21.jdk/Contents/Home/lib/libjava.dylib
Event: 0.016 Loaded shared library /Library/Java/JavaVirtualMachines/jdk-21.jdk/Contents/Home/lib/libnio.dylib
Event: 0.023 Loaded shared library /Library/Java/JavaVirtualMachines/jdk-21.jdk/Contents/Home/lib/libnet.dylib
Event: 0.032 Loaded shared library /Library/Java/JavaVirtualMachines/jdk-21.jdk/Contents/Home/lib/libzip.dylib
Event: 0.084 Loading shared library /Users/kavinduakash/.m2/repository/org/openjfx/javafx-graphics/17.0.2/libprism_es2.dylib failed, dlopen(/Users/kavinduakash/.m2/repository/org/openjfx/javafx-graphics/17.0.2/libprism_es2.dylib, 0x0001): tried: '/Users/kavinduakash/.
Event: 0.100 Loaded shared library /Users/kavinduakash/.openjfx/cache/17.0.2-ea/libprism_es2.dylib
Event: 0.139 Loading shared library /Users/kavinduakash/.m2/repository/org/openjfx/javafx-graphics/17.0.2/libglass.dylib failed, dlopen(/Users/kavinduakash/.m2/repository/org/openjfx/javafx-graphics/17.0.2/libglass.dylib, 0x0001): tried: '/Users/kavinduakash/.m2/repos
Event: 0.144 Loaded shared library /Users/kavinduakash/.openjfx/cache/17.0.2-ea/libglass.dylib
Event: 5.176 Loaded shared library /Library/Java/JavaVirtualMachines/jdk-21.jdk/Contents/Home/lib/libjimage.dylib
Event: 5.297 Loading shared library /Users/kavinduakash/.m2/repository/org/openjfx/javafx-graphics/17.0.2/libjavafx_font.dylib failed, dlopen(/Users/kavinduakash/.m2/repository/org/openjfx/javafx-graphics/17.0.2/libjavafx_font.dylib, 0x0001): tried: '/Users/kavinduaka
Event: 5.298 Loaded shared library /Users/kavinduakash/.openjfx/cache/17.0.2-ea/libjavafx_font.dylib
Event: 13.567 Loaded shared library /Library/Java/JavaVirtualMachines/jdk-21.jdk/Contents/Home/lib/libawt.dylib
Event: 13.570 Loaded shared library /Library/Java/JavaVirtualMachines/jdk-21.jdk/Contents/Home/lib/libawt_lwawt.dylib
Event: 13.591 Loaded shared library /Library/Java/JavaVirtualMachines/jdk-21.jdk/Contents/Home/lib/libfontmanager.dylib
Event: 13.999 Loaded shared library /Library/Java/JavaVirtualMachines/jdk-21.jdk/Contents/Home/lib/libosxui.dylib

Deoptimization events (20 events):
Event: 15.313 Thread 0x000000014b8f5c00 DEOPT PACKING pc=0x000000010dd535f0 sp=0x0000000384b1fbe0
Event: 15.313 Thread 0x000000014b8f5c00 DEOPT UNPACKING pc=0x00000001148a6e7c sp=0x0000000384b1f900 mode 0
Event: 15.342 Thread 0x000000014b8f5c00 Uncommon trap: trap_request=0xffffff6e fr.pc=0x000000011501e170 relative=0x0000000000000130
Event: 15.342 Thread 0x000000014b8f5c00 Uncommon trap: reason=loop_limit_check action=maybe_recompile pc=0x000000011501e170 method=java.awt.geom.AffineTransform.transform([DI[DII)V @ 454 c2
Event: 15.342 Thread 0x000000014b8f5c00 DEOPT PACKING pc=0x000000011501e170 sp=0x0000000384b1f580
Event: 15.342 Thread 0x000000014b8f5c00 DEOPT UNPACKING pc=0x00000001148a701c sp=0x0000000384b1f4a0 mode 2
Event: 24.356 Thread 0x000000014b8f5c00 Uncommon trap: trap_request=0xffffff45 fr.pc=0x000000011504f5cc relative=0x00000000000003cc
Event: 24.356 Thread 0x000000014b8f5c00 Uncommon trap: reason=unstable_if action=reinterpret pc=0x000000011504f5cc method=sun.java2d.SunGraphics2D.fixRectangleOrientation([DLjava/awt/geom/Rectangle2D;)V @ 6 c2
Event: 24.356 Thread 0x000000014b8f5c00 DEOPT PACKING pc=0x000000011504f5cc sp=0x0000000384b20d10
Event: 24.356 Thread 0x000000014b8f5c00 DEOPT UNPACKING pc=0x00000001148a701c sp=0x0000000384b20b90 mode 2
Event: 24.356 Thread 0x000000014b8f5c00 Uncommon trap: trap_request=0xffffff45 fr.pc=0x000000011502e31c relative=0x000000000000035c
Event: 24.356 Thread 0x000000014b8f5c00 Uncommon trap: reason=unstable_if action=reinterpret pc=0x000000011502e31c method=sun.java2d.SunGraphics2D.fixRectangleOrientation([DLjava/awt/geom/Rectangle2D;)V @ 6 c2
Event: 24.356 Thread 0x000000014b8f5c00 DEOPT PACKING pc=0x000000011502e31c sp=0x0000000384b210a0
Event: 24.356 Thread 0x000000014b8f5c00 DEOPT UNPACKING pc=0x00000001148a701c sp=0x0000000384b20fa0 mode 2
Event: 59.057 Thread 0x000000014ba56400 Uncommon trap: trap_request=0xffffff45 fr.pc=0x0000000114e16c20 relative=0x00000000000003e0
Event: 59.057 Thread 0x000000014ba56400 Uncommon trap: reason=unstable_if action=reinterpret pc=0x0000000114e16c20 method=java.util.WeakHashMap.remove(Ljava/lang/Object;)Ljava/lang/Object; @ 92 c2
Event: 59.057 Thread 0x000000014ba56400 DEOPT PACKING pc=0x0000000114e16c20 sp=0x000000016d17e660
Event: 59.057 Thread 0x000000014ba56400 DEOPT UNPACKING pc=0x00000001148a701c sp=0x000000016d17e600 mode 2
Event: 59.074 Thread 0x000000014b848800 DEOPT PACKING pc=0x000000010dfdec74 sp=0x000000016f7f6610
Event: 59.074 Thread 0x000000014b848800 DEOPT UNPACKING pc=0x00000001148a6e7c sp=0x000000016f7f6320 mode 3

Classes loaded (20 events):
Event: 15.060 Loading class javax/swing/plaf/basic/BasicScrollBarUI
Event: 15.062 Loading class javax/swing/plaf/basic/BasicScrollBarUI done
Event: 24.145 Loading class java/awt/LightweightDispatcher$2
Event: 24.145 Loading class java/awt/LightweightDispatcher$2 done
Event: 58.732 Loading class sun/awt/DebugSettings
Event: 58.733 Loading class sun/awt/DebugSettings done
Event: 58.734 Loading class javax/swing/JComponent$KeyboardState
Event: 58.734 Loading class javax/swing/JComponent$KeyboardState done
Event: 58.734 Loading class javax/swing/JComponent$IntVector
Event: 58.734 Loading class javax/swing/JComponent$IntVector done
Event: 58.734 Loading class javax/swing/KeyboardManager
Event: 58.735 Loading class javax/swing/KeyboardManager done
Event: 58.735 Loading class javax/swing/Popup$HeavyWeightWindow
Event: 58.735 Loading class sun/awt/ModalExclude
Event: 58.735 Loading class sun/awt/ModalExclude done
Event: 58.735 Loading class javax/swing/JWindow
Event: 58.735 Loading class javax/swing/JWindow done
Event: 58.735 Loading class javax/swing/Popup$HeavyWeightWindow done
Event: 59.043 Loading class sun/awt/ExtendedKeyCodes
Event: 59.043 Loading class sun/awt/ExtendedKeyCodes done

Classes unloaded (0 events):
No events

Classes redefined (0 events):
No events

Internal exceptions (20 events):
Event: 13.979 Thread 0x000000014ba56400 Implicit null exception at 0x0000000114ea7dbc to 0x0000000114ea82f4
Event: 13.980 Thread 0x000000014ba56400 Implicit null exception at 0x0000000114ea63bc to 0x0000000114ea68ec
Event: 14.003 Thread 0x000000014ba56400 Exception <a 'java/lang/NoSuchMethodError'{0x0000000703214568}: 'java.lang.Object java.lang.invoke.DirectMethodHandle$Holder.invokeStatic(java.lang.Object, int, java.lang.Object)'> (0x0000000703214568) 
thrown [open/src/hotspot/share/interpreter/linkResolver.cpp, line 773]
Event: 14.004 Thread 0x000000014ba56400 Exception <a 'java/lang/ClassNotFoundException'{0x0000000703240518}: com/apple/laf/resources/spi/aquaProvider> (0x0000000703240518) 
thrown [open/src/hotspot/share/classfile/systemDictionary.cpp, line 312]
Event: 14.007 Thread 0x000000014ba56400 Exception <a 'java/lang/ClassNotFoundException'{0x00000007032a48d0}: com/sun/swing/internal/plaf/basic/resources/spi/basicProvider> (0x00000007032a48d0) 
thrown [open/src/hotspot/share/classfile/systemDictionary.cpp, line 312]
Event: 14.010 Thread 0x000000014ba56400 Exception <a 'java/lang/NoSuchMethodError'{0x00000007032bbf38}: 'int java.lang.invoke.Invokers$Holder.invokeExact_MT(java.lang.Object, java.lang.Object)'> (0x00000007032bbf38) 
thrown [open/src/hotspot/share/interpreter/linkResolver.cpp, line 773]
Event: 14.013 Thread 0x000000014bee4200 Exception <a 'java/lang/NoSuchMethodError'{0x00000007033130b8}: 'java.lang.Object java.lang.invoke.DirectMethodHandle$Holder.newInvokeSpecial(java.lang.Object, java.lang.Object, java.lang.Object, int, int, int, int, int)'> (0x00000007033130b8) 
thrown [open/src/hotspot/share/interpreter/linkResolver.cpp, line 773]
Event: 14.018 Thread 0x000000014ba56400 Exception <a 'java/lang/NoSuchMethodError'{0x00000007032e2410}: 'java.lang.Object java.lang.invoke.DirectMethodHandle$Holder.newInvokeSpecial(java.lang.Object, java.lang.Object, java.lang.Object, int, java.lang.Object)'> (0x00000007032e2410) 
thrown [open/src/hotspot/share/interpreter/linkResolver.cpp, line 773]
Event: 14.018 Thread 0x000000014ba56400 Exception <a 'java/lang/NoSuchMethodError'{0x00000007032e9b98}: 'java.lang.Object java.lang.invoke.Invokers$Holder.linkToTargetMethod(java.lang.Object, java.lang.Object, int, java.lang.Object, java.lang.Object)'> (0x00000007032e9b98) 
thrown [open/src/hotspot/share/interpreter/linkResolver.cpp, line 773]
Event: 14.021 Thread 0x000000014ba56400 Exception <a 'java/lang/NoSuchMethodError'{0x00000007032f0800}: 'void java.lang.invoke.DirectMethodHandle$Holder.invokeStatic(java.lang.Object, int, long)'> (0x00000007032f0800) 
thrown [open/src/hotspot/share/interpreter/linkResolver.cpp, line 773]
Event: 14.022 Thread 0x000000014b8f5c00 Exception <a 'java/lang/NoSuchMethodError'{0x0000000703327050}: 'void java.lang.invoke.DirectMethodHandle$Holder.invokeStatic(java.lang.Object, long)'> (0x0000000703327050) 
thrown [open/src/hotspot/share/interpreter/linkResolver.cpp, line 773]
Event: 14.025 Thread 0x000000014ba56400 Exception <a 'java/lang/NoSuchMethodError'{0x000000070335b6b0}: 'java.lang.Object java.lang.invoke.Invokers$Holder.linkToTargetMethod(int, int, int, int, java.lang.Object)'> (0x000000070335b6b0) 
thrown [open/src/hotspot/share/interpreter/linkResolver.cpp, line 773]
Event: 14.025 Thread 0x000000014ba56400 Exception <a 'java/lang/NoSuchMethodError'{0x000000070335f250}: 'void java.lang.invoke.DirectMethodHandle$Holder.invokeStatic(java.lang.Object, java.lang.Object, long)'> (0x000000070335f250) 
thrown [open/src/hotspot/share/interpreter/linkResolver.cpp, line 773]
Event: 14.028 Thread 0x000000014ba56400 Exception <a 'java/lang/ClassNotFoundException'{0x00000007033b3a38}: net/sf/jasperreports/view/viewer> (0x00000007033b3a38) 
thrown [open/src/hotspot/share/prims/jni.cpp, line 539]
Event: 14.028 Thread 0x000000014ba56400 Exception <a 'java/lang/ClassNotFoundException'{0x00000007033bdd00}: net/sf/jasperreports/view/viewer_en> (0x00000007033bdd00) 
thrown [open/src/hotspot/share/prims/jni.cpp, line 539]
Event: 14.028 Thread 0x000000014ba56400 Exception <a 'java/lang/ClassNotFoundException'{0x00000007033c80c8}: net/sf/jasperreports/view/viewer_en_US> (0x00000007033c80c8) 
thrown [open/src/hotspot/share/prims/jni.cpp, line 539]
Event: 14.059 Thread 0x000000014ba56400 Exception <a 'java/lang/NoSuchMethodError'{0x0000000702e7e1d8}: 'void java.lang.invoke.DirectMethodHandle$Holder.invokeStatic(java.lang.Object, long, long)'> (0x0000000702e7e1d8) 
thrown [open/src/hotspot/share/interpreter/linkResolver.cpp, line 773]
Event: 14.059 Thread 0x000000014ba56400 Exception <a 'java/lang/NoSuchMethodError'{0x0000000702e83930}: 'java.lang.Object java.lang.invoke.DirectMethodHandle$Holder.newInvokeSpecial(java.lang.Object, long)'> (0x0000000702e83930) 
thrown [open/src/hotspot/share/interpreter/linkResolver.cpp, line 773]
Event: 14.060 Thread 0x000000014ba56400 Exception <a 'java/lang/NoSuchMethodError'{0x0000000702e87808}: 'void java.lang.invoke.DirectMethodHandle$Holder.invokeSpecial(java.lang.Object, java.lang.Object, long)'> (0x0000000702e87808) 
thrown [open/src/hotspot/share/interpreter/linkResolver.cpp, line 773]
Event: 14.060 Thread 0x000000014ba56400 Exception <a 'java/lang/NoSuchMethodError'{0x0000000702e8ee80}: 'void java.lang.invoke.DirectMethodHandle$Holder.invokeSpecial(java.lang.Object, java.lang.Object, int, long)'> (0x0000000702e8ee80) 
thrown [open/src/hotspot/share/interpreter/linkResolver.cpp, line 773]

ZGC Phase Switch (0 events):
No events

VM Operations (20 events):
Event: 17.915 Executing VM operation: Cleanup
Event: 17.916 Executing VM operation: Cleanup done
Event: 18.917 Executing VM operation: Cleanup
Event: 18.917 Executing VM operation: Cleanup done
Event: 24.944 Executing VM operation: Cleanup
Event: 24.944 Executing VM operation: Cleanup done
Event: 30.998 Executing VM operation: Cleanup
Event: 30.998 Executing VM operation: Cleanup done
Event: 56.227 Executing VM operation: Cleanup
Event: 56.227 Executing VM operation: Cleanup done
Event: 57.232 Executing VM operation: Cleanup
Event: 57.232 Executing VM operation: Cleanup done
Event: 58.237 Executing VM operation: Cleanup
Event: 58.237 Executing VM operation: Cleanup done
Event: 59.237 Executing VM operation: Cleanup
Event: 59.237 Executing VM operation: Cleanup done
Event: 60.054 Executing VM operation: HandshakeAllThreads (HandshakeForDeflation)
Event: 60.054 Executing VM operation: HandshakeAllThreads (HandshakeForDeflation) done
Event: 60.054 Executing VM operation: RendezvousGCThreads
Event: 60.054 Executing VM operation: RendezvousGCThreads done

Events (20 events):
Event: 14.021 Thread 0x000000014ba54a00 Thread added: 0x000000014ba54a00
Event: 14.021 Protecting memory [0x0000000384714000,0x0000000384720000] with protection modes 0
Event: 14.022 Thread 0x000000014b8f5c00 Thread added: 0x000000014b8f5c00
Event: 14.022 Protecting memory [0x0000000384920000,0x000000038492c000] with protection modes 0
Event: 14.126 Thread 0x000000014b723200 Thread added: 0x000000014b723200
Event: 14.126 Protecting memory [0x000000038ed08000,0x000000038ed14000] with protection modes 0
Event: 14.363 Protecting memory [0x000000016fa0c000,0x000000016fa18000] with protection modes 3
Event: 14.363 Thread 0x000000014ba61000 Thread exited: 0x000000014ba61000
Event: 19.118 Protecting memory [0x0000000384508000,0x0000000384514000] with protection modes 3
Event: 19.118 Thread 0x000000014bee4200 Thread exited: 0x000000014bee4200
Event: 59.074 Protecting memory [0x000000016fca4000,0x000000016fcb0000] with protection modes 3
Event: 59.074 Thread 0x000000012b00f800 Thread exited: 0x000000012b00f800
Event: 59.074 Protecting memory [0x000000016d210000,0x000000016d21c000] with protection modes 3
Event: 59.074 Protecting memory [0x000000016c988000,0x000000016c994000] with protection modes 3
Event: 59.074 Thread 0x000000014b81a800 Thread exited: 0x000000014b81a800
Event: 59.074 Protecting memory [0x000000016f5f4000,0x000000016f600000] with protection modes 3
Event: 59.074 Thread 0x000000014ba56400 Thread exited: 0x000000014ba56400
Event: 59.074 Thread 0x000000014b848800 Thread exited: 0x000000014b848800
Event: 59.074 Protecting memory [0x000000016d210000,0x000000016d21c000] with protection modes 0
Event: 59.074 Thread 0x000000012b792200 Thread added: 0x000000012b792200


Dynamic libraries:
0x0000000102cb8000 	/Library/Java/JavaVirtualMachines/jdk-21.jdk/Contents/Home/lib/libjli.dylib
0x00000001b732b000 	/System/Library/Frameworks/Cocoa.framework/Versions/A/Cocoa
0x000000019eadb000 	/System/Library/Frameworks/AppKit.framework/Versions/C/AppKit
0x00000001a1dcb000 	/System/Library/Frameworks/CoreData.framework/Versions/A/CoreData
0x000000019c167000 	/System/Library/Frameworks/Foundation.framework/Versions/C/Foundation
0x00000001a8d63000 	/usr/lib/libSystem.B.dylib
0x000000019ff6c000 	/System/Library/PrivateFrameworks/UIFoundation.framework/Versions/A/UIFoundation
0x0000000248bfa000 	/System/Library/PrivateFrameworks/CollectionViewCore.framework/Versions/A/CollectionViewCore
0x00000001a68ec000 	/System/Library/PrivateFrameworks/XCTTargetBootstrap.framework/Versions/A/XCTTargetBootstrap
0x00000001ab52f000 	/System/Library/PrivateFrameworks/InternationalSupport.framework/Versions/A/InternationalSupport
0x00000001ab886000 	/System/Library/PrivateFrameworks/UserActivity.framework/Versions/A/UserActivity
0x0000000277584000 	/System/Library/PrivateFrameworks/UIIntelligenceSupport.framework/Versions/A/UIIntelligenceSupport
0x000000020161d000 	/System/Library/Frameworks/SwiftUICore.framework/Versions/A/SwiftUICore
0x000000027c60a000 	/System/Library/PrivateFrameworks/WritingTools.framework/Versions/A/WritingTools
0x000000027b64e000 	/System/Library/PrivateFrameworks/WindowManagement.framework/Versions/A/WindowManagement
0x000000019bdca000 	/System/Library/Frameworks/SystemConfiguration.framework/Versions/A/SystemConfiguration
0x00000001aa992000 	/usr/lib/libspindump.dylib
0x00000001a011e000 	/System/Library/Frameworks/UniformTypeIdentifiers.framework/Versions/A/UniformTypeIdentifiers
0x00000001a814e000 	/usr/lib/libbsm.0.dylib
0x00000001a436e000 	/usr/lib/libapp_launch_measurement.dylib
0x00000001a3717000 	/System/Library/PrivateFrameworks/CoreAnalytics.framework/Versions/A/CoreAnalytics
0x00000001a4372000 	/System/Library/PrivateFrameworks/CoreAutoLayout.framework/Versions/A/CoreAutoLayout
0x00000001a5f06000 	/System/Library/Frameworks/Metal.framework/Versions/A/Metal
0x00000001a712a000 	/usr/lib/liblangid.dylib
0x00000001a68f2000 	/System/Library/PrivateFrameworks/CoreSVG.framework/Versions/A/CoreSVG
0x00000001a0b43000 	/System/Library/PrivateFrameworks/SkyLight.framework/Versions/A/SkyLight
0x00000001a106a000 	/System/Library/Frameworks/CoreGraphics.framework/Versions/A/CoreGraphics
0x00000001b0a3c000 	/System/Library/Frameworks/Accelerate.framework/Versions/A/Accelerate
0x00000001aa7d5000 	/System/Library/PrivateFrameworks/IconServices.framework/Versions/A/IconServices
0x00000001a5ee3000 	/System/Library/Frameworks/IOSurface.framework/Versions/A/IOSurface
0x00000001a3748000 	/usr/lib/libDiagnosticMessagesClient.dylib
0x00000001a8cad000 	/usr/lib/libz.1.dylib
0x00000001b4951000 	/System/Library/Frameworks/ApplicationServices.framework/Versions/A/ApplicationServices
0x00000001a68d7000 	/System/Library/PrivateFrameworks/DFRFoundation.framework/Versions/A/DFRFoundation
0x000000019e340000 	/usr/lib/libicucore.A.dylib
0x00000001ac90f000 	/System/Library/Frameworks/AudioToolbox.framework/Versions/A/AudioToolbox
0x00000001ab837000 	/System/Library/PrivateFrameworks/DataDetectorsCore.framework/Versions/A/DataDetectorsCore
0x00000001c73d8000 	/System/Library/PrivateFrameworks/TextInput.framework/Versions/A/TextInput
0x00000001a0a8e000 	/usr/lib/libMobileGestalt.dylib
0x00000001a65d0000 	/System/Library/Frameworks/Carbon.framework/Versions/A/Frameworks/HIToolbox.framework/Versions/A/HIToolbox
0x00000001a3c4f000 	/System/Library/Frameworks/QuartzCore.framework/Versions/A/QuartzCore
0x000000019df36000 	/System/Library/Frameworks/Security.framework/Versions/A/Security
0x00000001b0399000 	/System/Library/Frameworks/Carbon.framework/Versions/A/Frameworks/SpeechRecognition.framework/Versions/A/SpeechRecognition
0x00000001a4075000 	/System/Library/PrivateFrameworks/CoreUI.framework/Versions/A/CoreUI
0x000000019d804000 	/System/Library/Frameworks/CoreAudio.framework/Versions/A/CoreAudio
0x00000001a3836000 	/System/Library/Frameworks/DiskArbitration.framework/Versions/A/DiskArbitration
0x00000001aadfb000 	/System/Library/PrivateFrameworks/MultitouchSupport.framework/Versions/A/MultitouchSupport
0x00000001a0a8c000 	/usr/lib/libenergytrace.dylib
0x00000001bb97c000 	/System/Library/PrivateFrameworks/RenderBox.framework/Versions/A/RenderBox
0x000000019e98b000 	/System/Library/Frameworks/IOKit.framework/Versions/A/IOKit
0x00000001b0790000 	/System/Library/Frameworks/CoreServices.framework/Versions/A/CoreServices
0x00000001a42ff000 	/System/Library/PrivateFrameworks/PerformanceAnalysis.framework/Versions/A/PerformanceAnalysis
0x00000001fafde000 	/System/Library/Frameworks/OpenGL.framework/Versions/A/OpenGL
0x00000001a43bc000 	/usr/lib/libxml2.2.dylib
0x00000001a8032000 	/System/Library/PrivateFrameworks/MobileKeyBag.framework/Versions/A/MobileKeyBag
0x000000019a70c000 	/usr/lib/libobjc.A.dylib
0x000000019aa1a000 	/usr/lib/libc++.1.dylib
0x00000001b0711000 	/System/Library/Frameworks/Accessibility.framework/Versions/A/Accessibility
0x00000001a179b000 	/System/Library/Frameworks/ColorSync.framework/Versions/A/ColorSync
0x000000019ab76000 	/System/Library/Frameworks/CoreFoundation.framework/Versions/A/CoreFoundation
0x00000001a6cac000 	/System/Library/Frameworks/CoreImage.framework/Versions/A/CoreImage
0x000000019d5e5000 	/System/Library/Frameworks/CoreText.framework/Versions/A/CoreText
0x00000001fc52a000 	/System/Library/Frameworks/CoreTransferable.framework/Versions/A/CoreTransferable
0x00000001fcaaf000 	/System/Library/Frameworks/DataDetection.framework/Versions/A/DataDetection
0x00000001fcab2000 	/System/Library/Frameworks/DeveloperToolsSupport.framework/Versions/A/DeveloperToolsSupport
0x00000001a692d000 	/System/Library/Frameworks/ImageIO.framework/Versions/A/ImageIO
0x00000002021e0000 	/System/Library/Frameworks/Symbols.framework/Versions/A/Symbols
0x00000001ee78c000 	/System/Library/PrivateFrameworks/FeatureFlags.framework/Versions/A/FeatureFlags
0x00000001a8d68000 	/System/Library/PrivateFrameworks/SoftLinking.framework/Versions/A/SoftLinking
0x00000001da049000 	/usr/lib/swift/libswiftAccelerate.dylib
0x00000001ac2a4000 	/usr/lib/swift/libswiftCore.dylib
0x00000001c3a7b000 	/usr/lib/swift/libswiftCoreFoundation.dylib
0x00000001c3ad5000 	/usr/lib/swift/libswiftCoreImage.dylib
0x00000001c0de4000 	/usr/lib/swift/libswiftDarwin.dylib
0x0000000283227000 	/usr/lib/swift/libswiftDataDetection.dylib
0x00000001b2289000 	/usr/lib/swift/libswiftDispatch.dylib
0x00000001c3ad6000 	/usr/lib/swift/libswiftIOKit.dylib
0x00000001d0640000 	/usr/lib/swift/libswiftMetal.dylib
0x00000001df5e1000 	/usr/lib/swift/libswiftOSLog.dylib
0x00000001b4f0b000 	/usr/lib/swift/libswiftObjectiveC.dylib
0x0000000283254000 	/usr/lib/swift/libswiftObservation.dylib
0x00000001d59df000 	/usr/lib/swift/libswiftQuartzCore.dylib
0x00000001da03a000 	/usr/lib/swift/libswiftUniformTypeIdentifiers.dylib
0x00000001c3a8d000 	/usr/lib/swift/libswiftXPC.dylib
0x000000028333a000 	/usr/lib/swift/libswift_Builtin_float.dylib
0x000000028333d000 	/usr/lib/swift/libswift_Concurrency.dylib
0x000000028349c000 	/usr/lib/swift/libswift_StringProcessing.dylib
0x000000028352f000 	/usr/lib/swift/libswift_errno.dylib
0x0000000283531000 	/usr/lib/swift/libswift_math.dylib
0x0000000283534000 	/usr/lib/swift/libswift_signal.dylib
0x0000000283535000 	/usr/lib/swift/libswift_stdio.dylib
0x0000000283536000 	/usr/lib/swift/libswift_time.dylib
0x00000001b4f0f000 	/usr/lib/swift/libswiftos.dylib
0x00000001c732f000 	/usr/lib/swift/libswiftsimd.dylib
0x0000000283537000 	/usr/lib/swift/libswiftsys_time.dylib
0x0000000283538000 	/usr/lib/swift/libswiftunistd.dylib
0x00000001a8f91000 	/usr/lib/libcompression.dylib
0x00000001ab48f000 	/System/Library/PrivateFrameworks/TextureIO.framework/Versions/A/TextureIO
0x00000001aa474000 	/usr/lib/libate.dylib
0x00000001a8d5d000 	/usr/lib/system/libcache.dylib
0x00000001a8d18000 	/usr/lib/system/libcommonCrypto.dylib
0x00000001a8d43000 	/usr/lib/system/libcompiler_rt.dylib
0x00000001a8d38000 	/usr/lib/system/libcopyfile.dylib
0x000000019a867000 	/usr/lib/system/libcorecrypto.dylib
0x000000019a94e000 	/usr/lib/system/libdispatch.dylib
0x000000019ab0e000 	/usr/lib/system/libdyld.dylib
0x00000001a8d53000 	/usr/lib/system/libkeymgr.dylib
0x00000001a8cfb000 	/usr/lib/system/libmacho.dylib
0x00000001a8127000 	/usr/lib/system/libquarantine.dylib
0x00000001a8d50000 	/usr/lib/system/libremovefile.dylib
0x00000001a0b08000 	/usr/lib/system/libsystem_asl.dylib
0x000000019a7fc000 	/usr/lib/system/libsystem_blocks.dylib
0x000000019a998000 	/usr/lib/system/libsystem_c.dylib
0x00000001a8d47000 	/usr/lib/system/libsystem_collections.dylib
0x00000001a7117000 	/usr/lib/system/libsystem_configuration.dylib
0x00000001a5eb2000 	/usr/lib/system/libsystem_containermanager.dylib
0x00000001a883d000 	/usr/lib/system/libsystem_coreservices.dylib
0x000000019e60c000 	/usr/lib/system/libsystem_darwin.dylib
0x000000028366f000 	/usr/lib/system/libsystem_darwindirectory.dylib
0x00000001a8d54000 	/usr/lib/system/libsystem_dnssd.dylib
0x0000000283673000 	/usr/lib/system/libsystem_eligibility.dylib
0x000000019a995000 	/usr/lib/system/libsystem_featureflags.dylib
0x000000019ab46000 	/usr/lib/system/libsystem_info.dylib
0x00000001a8cbc000 	/usr/lib/system/libsystem_m.dylib
0x000000019a906000 	/usr/lib/system/libsystem_malloc.dylib
0x00000001a0a71000 	/usr/lib/system/libsystem_networkextension.dylib
0x000000019ea6e000 	/usr/lib/system/libsystem_notify.dylib
0x00000001a711c000 	/usr/lib/system/libsystem_sandbox.dylib
0x000000028367b000 	/usr/lib/system/libsystem_sanitizers.dylib
0x00000001a8d4c000 	/usr/lib/system/libsystem_secinit.dylib
0x000000019aac5000 	/usr/lib/system/libsystem_kernel.dylib
0x000000019ab3e000 	/usr/lib/system/libsystem_platform.dylib
0x000000019ab01000 	/usr/lib/system/libsystem_pthread.dylib
0x00000001a2665000 	/usr/lib/system/libsystem_symptoms.dylib
0x000000019a84b000 	/usr/lib/system/libsystem_trace.dylib
0x00000001a8d26000 	/usr/lib/system/libunwind.dylib
0x000000019a800000 	/usr/lib/system/libxpc.dylib
0x000000019aaa7000 	/usr/lib/libc++abi.dylib
0x0000000282244000 	/usr/lib/libRosetta.dylib
0x000000019e90a000 	/System/Library/PrivateFrameworks/CoreServicesInternal.framework/Versions/A/CoreServicesInternal
0x00000001a8d30000 	/usr/lib/liboah.dylib
0x00000001a8d65000 	/usr/lib/libfakelink.dylib
0x00000001b4404000 	/System/Library/PrivateFrameworks/DiskImages.framework/Versions/A/DiskImages
0x00000001c090d000 	/System/Library/Frameworks/NetFS.framework/Versions/A/NetFS
0x00000001a06a7000 	/System/Library/Frameworks/CFNetwork.framework/Versions/A/CFNetwork
0x00000001a4336000 	/System/Library/Frameworks/CoreServices.framework/Versions/A/Frameworks/FSEvents.framework/Versions/A/FSEvents
0x000000019e617000 	/System/Library/Frameworks/CoreServices.framework/Versions/A/Frameworks/CarbonCore.framework/Versions/A/CarbonCore
0x00000001a37ab000 	/System/Library/Frameworks/CoreServices.framework/Versions/A/Frameworks/Metadata.framework/Versions/A/Metadata
0x00000001a8845000 	/System/Library/Frameworks/CoreServices.framework/Versions/A/Frameworks/OSServices.framework/Versions/A/OSServices
0x00000001a8eb2000 	/System/Library/Frameworks/CoreServices.framework/Versions/A/Frameworks/SearchKit.framework/Versions/A/SearchKit
0x00000001a25e0000 	/System/Library/Frameworks/CoreServices.framework/Versions/A/Frameworks/AE.framework/Versions/A/AE
0x000000019b0b5000 	/System/Library/Frameworks/CoreServices.framework/Versions/A/Frameworks/LaunchServices.framework/Versions/A/LaunchServices
0x00000001aa2c9000 	/System/Library/Frameworks/CoreServices.framework/Versions/A/Frameworks/DictionaryServices.framework/Versions/A/DictionaryServices
0x00000001a4344000 	/System/Library/Frameworks/CoreServices.framework/Versions/A/Frameworks/SharedFileList.framework/Versions/A/SharedFileList
0x00000001a8f48000 	/usr/lib/libapple_nghttp2.dylib
0x00000001a2241000 	/usr/lib/libsqlite3.dylib
0x00000001acf88000 	/System/Library/Frameworks/GSS.framework/Versions/A/GSS
0x00000001a2577000 	/System/Library/PrivateFrameworks/RunningBoardServices.framework/Versions/A/RunningBoardServices
0x00000001a266e000 	/System/Library/Frameworks/Network.framework/Versions/A/Network
0x00000001a8cff000 	/usr/lib/system/libkxld.dylib
0x00000002449a5000 	/System/Library/PrivateFrameworks/AppleKeyStore.framework/Versions/A/AppleKeyStore
0x000000028209c000 	/usr/lib/libCoreEntitlements.dylib
0x000000025fa70000 	/System/Library/PrivateFrameworks/MessageSecurity.framework/Versions/A/MessageSecurity
0x00000001a2226000 	/System/Library/PrivateFrameworks/ProtocolBuffer.framework/Versions/A/ProtocolBuffer
0x00000001a8824000 	/System/Library/PrivateFrameworks/AppleFSCompression.framework/Versions/A/AppleFSCompression
0x00000001a8136000 	/usr/lib/libcoretls.dylib
0x00000001aa33f000 	/usr/lib/libcoretls_cfhelpers.dylib
0x00000001a8f8b000 	/usr/lib/libpam.2.dylib
0x00000001aa3b3000 	/usr/lib/libxar.1.dylib
0x00000001a8dba000 	/usr/lib/libarchive.2.dylib
0x00000001ae68b000 	/System/Library/Frameworks/Combine.framework/Versions/A/Combine
0x0000000248c1e000 	/System/Library/PrivateFrameworks/CollectionsInternal.framework/Versions/A/CollectionsInternal
0x0000000268ad0000 	/System/Library/PrivateFrameworks/ReflectionInternal.framework/Versions/A/ReflectionInternal
0x00000002697a7000 	/System/Library/PrivateFrameworks/RuntimeInternal.framework/Versions/A/RuntimeInternal
0x00000002832cb000 	/usr/lib/swift/libswiftSystem.dylib
0x00000001a7125000 	/System/Library/PrivateFrameworks/AppleSystemInfo.framework/Versions/A/AppleSystemInfo
0x00000001c3966000 	/System/Library/PrivateFrameworks/LoggingSupport.framework/Versions/A/LoggingSupport
0x00000001b174a000 	/System/Library/PrivateFrameworks/PowerLog.framework/Versions/A/PowerLog
0x00000002014e2000 	/System/Library/Frameworks/SwiftData.framework/Versions/A/SwiftData
0x00000001a4547000 	/System/Library/PrivateFrameworks/UserManagement.framework/Versions/A/UserManagement
0x00000001a05d5000 	/usr/lib/libboringssl.dylib
0x00000001a2654000 	/usr/lib/libdns_services.dylib
0x00000001c2b15000 	/usr/lib/libquic.dylib
0x00000001ac233000 	/usr/lib/libusrtcp.dylib
0x00000001e7456000 	/System/Library/PrivateFrameworks/InternalSwiftProtobuf.framework/Versions/A/InternalSwiftProtobuf
0x0000000283228000 	/usr/lib/swift/libswiftDistributed.dylib
0x00000002832c1000 	/usr/lib/swift/libswiftSynchronization.dylib
0x00000001a06a6000 	/usr/lib/libnetwork.dylib
0x00000001d4616000 	/System/Library/PrivateFrameworks/OSAnalytics.framework/Versions/A/OSAnalytics
0x00000001a8f23000 	/System/Library/PrivateFrameworks/AppleSauce.framework/Versions/A/AppleSauce
0x00000001b2a1f000 	/System/Library/PrivateFrameworks/CoreSymbolication.framework/Versions/A/CoreSymbolication
0x00000001e311f000 	/System/Library/PrivateFrameworks/Symbolication.framework/Versions/A/Symbolication
0x00000001b29fb000 	/System/Library/PrivateFrameworks/DebugSymbols.framework/Versions/A/DebugSymbols
0x0000000281f67000 	/usr/lib/libAppleArchive.dylib
0x00000001a8830000 	/usr/lib/libbz2.1.0.dylib
0x00000001aa320000 	/usr/lib/liblzma.5.dylib
0x00000001a7e22000 	/System/Library/PrivateFrameworks/IOMobileFramebuffer.framework/Versions/A/IOMobileFramebuffer
0x00000001c39ef000 	/System/Library/PrivateFrameworks/MallocStackLogging.framework/Versions/A/MallocStackLogging
0x00000001aa50e000 	/System/Library/PrivateFrameworks/CrashReporterSupport.framework/Versions/A/CrashReporterSupport
0x000000019bbc1000 	/System/Library/PrivateFrameworks/Lexicon.framework/Versions/A/Lexicon
0x0000000257db0000 	/System/Library/PrivateFrameworks/IO80211.framework/Versions/A/IO80211
0x00000001b2521000 	/System/Library/PrivateFrameworks/FrontBoardServices.framework/Versions/A/FrontBoardServices
0x00000001a805e000 	/System/Library/Frameworks/SecurityFoundation.framework/Versions/A/SecurityFoundation
0x00000001a81c0000 	/usr/lib/libgermantok.dylib
0x00000001a7249000 	/System/Library/PrivateFrameworks/LinguisticData.framework/Versions/A/LinguisticData
0x00000001a2492000 	/System/Library/PrivateFrameworks/BaseBoard.framework/Versions/A/BaseBoard
0x00000001b25ee000 	/System/Library/PrivateFrameworks/BoardServices.framework/Versions/A/BoardServices
0x00000001a804f000 	/System/Library/PrivateFrameworks/AssertionServices.framework/Versions/A/AssertionServices
0x00000001b423e000 	/System/Library/PrivateFrameworks/BackBoardServices.framework/Versions/A/BackBoardServices
0x00000001a62fd000 	/System/Library/PrivateFrameworks/FontServices.framework/libFontParser.dylib
0x00000001a0b20000 	/System/Library/PrivateFrameworks/TCC.framework/Versions/A/TCC
0x00000001b7c36000 	/System/Library/PrivateFrameworks/IOSurfaceAccelerator.framework/Versions/A/IOSurfaceAccelerator
0x00000001aadf9000 	/System/Library/PrivateFrameworks/WatchdogClient.framework/Versions/A/WatchdogClient
0x000000019d10c000 	/System/Library/Frameworks/CoreDisplay.framework/Versions/A/CoreDisplay
0x00000001a61a1000 	/System/Library/Frameworks/CoreMedia.framework/Versions/A/CoreMedia
0x00000001a5efc000 	/System/Library/PrivateFrameworks/IOAccelerator.framework/Versions/A/IOAccelerator
0x00000001a44a6000 	/System/Library/Frameworks/CoreVideo.framework/Versions/A/CoreVideo
0x00000001a8f89000 	/System/Library/Frameworks/MetalPerformanceShaders.framework/Versions/A/MetalPerformanceShaders
0x0000000267e0e000 	/System/Library/PrivateFrameworks/ProDisplayLibrary.framework/Versions/A/ProDisplayLibrary
0x00000001aae41000 	/System/Library/Frameworks/VideoToolbox.framework/Versions/A/VideoToolbox
0x00000001a7123000 	/System/Library/PrivateFrameworks/AggregateDictionary.framework/Versions/A/AggregateDictionary
0x00000001aa341000 	/System/Library/PrivateFrameworks/APFS.framework/Versions/A/APFS
0x00000001aa3c2000 	/usr/lib/libutil.dylib
0x0000000272d33000 	/System/Library/PrivateFrameworks/SwiftASN1Internal.framework/Versions/A/SwiftASN1Internal
0x00000001a383f000 	/System/Library/Frameworks/Accelerate.framework/Versions/A/Frameworks/vImage.framework/Versions/A/vImage
0x00000001b076b000 	/System/Library/Frameworks/Accelerate.framework/Versions/A/Frameworks/vecLib.framework/Versions/A/vecLib
0x00000001aa3fa000 	/System/Library/Frameworks/Accelerate.framework/Versions/A/Frameworks/vecLib.framework/Versions/A/libvMisc.dylib
0x000000019b52d000 	/System/Library/Frameworks/Accelerate.framework/Versions/A/Frameworks/vecLib.framework/Versions/A/libBLAS.dylib
0x00000001acb5f000 	/System/Library/Frameworks/ApplicationServices.framework/Versions/A/Frameworks/ATS.framework/Versions/A/ATS
0x00000001a1951000 	/System/Library/Frameworks/ApplicationServices.framework/Versions/A/Frameworks/HIServices.framework/Versions/A/HIServices
0x00000001ab418000 	/System/Library/Frameworks/ApplicationServices.framework/Versions/A/Frameworks/PrintCore.framework/Versions/A/PrintCore
0x00000001acf52000 	/System/Library/Frameworks/ApplicationServices.framework/Versions/A/Frameworks/QD.framework/Versions/A/QD
0x00000001acf49000 	/System/Library/Frameworks/ApplicationServices.framework/Versions/A/Frameworks/ColorSyncLegacy.framework/Versions/A/ColorSyncLegacy
0x00000001acb31000 	/System/Library/Frameworks/ApplicationServices.framework/Versions/A/Frameworks/SpeechSynthesis.framework/Versions/A/SpeechSynthesis
0x00000001a7def000 	/System/Library/PrivateFrameworks/CoreEmoji.framework/Versions/A/CoreEmoji
0x000000024ee75000 	/System/Library/PrivateFrameworks/FontServices.framework/Versions/A/FontServices
0x00000001aa947000 	/System/Library/PrivateFrameworks/OTSVG.framework/Versions/A/OTSVG
0x00000001a4023000 	/System/Library/Frameworks/ApplicationServices.framework/Versions/A/Frameworks/ATS.framework/Versions/A/Resources/libFontRegistry.dylib
0x0000000282629000 	/usr/lib/libhvf.dylib
0x0000000263d14000 	/System/Library/PrivateFrameworks/ParsingInternal.framework/Versions/A/ParsingInternal
0x0000000283271000 	/usr/lib/swift/libswiftRegexBuilder.dylib
0x00000002833f9000 	/usr/lib/swift/libswift_RegexParser.dylib
0x00000001aacc2000 	/System/Library/PrivateFrameworks/AppleJPEG.framework/Versions/A/AppleJPEG
0x00000001aa763000 	/usr/lib/libexpat.1.dylib
0x00000001ab2ee000 	/System/Library/Frameworks/ImageIO.framework/Versions/A/Resources/libPng.dylib
0x00000001ab319000 	/System/Library/Frameworks/ImageIO.framework/Versions/A/Resources/libTIFF.dylib
0x00000001ab403000 	/System/Library/Frameworks/ImageIO.framework/Versions/A/Resources/libGIF.dylib
0x00000001aad08000 	/System/Library/Frameworks/ImageIO.framework/Versions/A/Resources/libJP2.dylib
0x00000001ab3aa000 	/System/Library/Frameworks/ImageIO.framework/Versions/A/Resources/libJPEG.dylib
0x00000001ab3a1000 	/System/Library/Frameworks/ImageIO.framework/Versions/A/Resources/libRadiance.dylib
0x0000000253b44000 	/System/Library/PrivateFrameworks/GPUCompiler.framework/Versions/32023/Libraries/libllvm-flatbuffers.dylib
0x000000024ef40000 	/System/Library/PrivateFrameworks/FramePacing.framework/Versions/A/FramePacing
0x00000001fafd0000 	/System/Library/Frameworks/OpenGL.framework/Versions/A/Libraries/libCoreFSCache.dylib
0x000000024fab5000 	/System/Library/PrivateFrameworks/GPUCompiler.framework/Versions/32023/Libraries/libGPUCompilerUtils.dylib
0x000000024ee76000 	/System/Library/PrivateFrameworks/FontServices.framework/libXTFontStaticRegistryData.dylib
0x00000001b604e000 	/System/Library/PrivateFrameworks/ASEProcessing.framework/Versions/A/ASEProcessing
0x0000000266f7b000 	/System/Library/PrivateFrameworks/PhotosensitivityProcessing.framework/Versions/A/PhotosensitivityProcessing
0x00000001aa93b000 	/System/Library/PrivateFrameworks/GraphVisualizer.framework/Versions/A/GraphVisualizer
0x00000001fb02e000 	/System/Library/Frameworks/OpenGL.framework/Versions/A/Libraries/libGLU.dylib
0x00000001faff2000 	/System/Library/Frameworks/OpenGL.framework/Versions/A/Libraries/libGFXShared.dylib
0x00000001fb1ba000 	/System/Library/Frameworks/OpenGL.framework/Versions/A/Libraries/libGL.dylib
0x00000001faffb000 	/System/Library/Frameworks/OpenGL.framework/Versions/A/Libraries/libGLImage.dylib
0x00000001fafef000 	/System/Library/Frameworks/OpenGL.framework/Versions/A/Libraries/libCVMSPluginSupport.dylib
0x00000001fafd8000 	/System/Library/Frameworks/OpenGL.framework/Versions/A/Libraries/libCoreVMClient.dylib
0x00000001a7067000 	/System/Library/Frameworks/MetalPerformanceShaders.framework/Versions/A/Frameworks/MPSCore.framework/Versions/A/MPSCore
0x00000001a878f000 	/System/Library/Frameworks/MetalPerformanceShaders.framework/Versions/A/Frameworks/MPSImage.framework/Versions/A/MPSImage
0x00000001a81d8000 	/System/Library/Frameworks/MetalPerformanceShaders.framework/Versions/A/Frameworks/MPSNeuralNetwork.framework/Versions/A/MPSNeuralNetwork
0x00000001a860f000 	/System/Library/Frameworks/MetalPerformanceShaders.framework/Versions/A/Frameworks/MPSMatrix.framework/Versions/A/MPSMatrix
0x00000001a8424000 	/System/Library/Frameworks/MetalPerformanceShaders.framework/Versions/A/Frameworks/MPSRayIntersector.framework/Versions/A/MPSRayIntersector
0x00000001a8641000 	/System/Library/Frameworks/MetalPerformanceShaders.framework/Versions/A/Frameworks/MPSNDArray.framework/Versions/A/MPSNDArray
0x00000001fe8d0000 	/System/Library/Frameworks/MetalPerformanceShaders.framework/Versions/A/Frameworks/MPSFunctions.framework/Versions/A/MPSFunctions
0x00000001fe8b2000 	/System/Library/Frameworks/MetalPerformanceShaders.framework/Versions/A/Frameworks/MPSBenchmarkLoop.framework/Versions/A/MPSBenchmarkLoop
0x000000019b3a8000 	/System/Library/PrivateFrameworks/MetalTools.framework/Versions/A/MetalTools
0x00000001c86d8000 	/System/Library/PrivateFrameworks/IOAccelMemoryInfo.framework/Versions/A/IOAccelMemoryInfo
0x00000001d5dd4000 	/System/Library/PrivateFrameworks/kperf.framework/Versions/A/kperf
0x00000001c3a56000 	/System/Library/PrivateFrameworks/GPURawCounter.framework/Versions/A/GPURawCounter
0x00000001ab3d5000 	/System/Library/Frameworks/ApplicationServices.framework/Versions/A/Frameworks/ATSUI.framework/Versions/A/ATSUI
0x00000001acedd000 	/usr/lib/libcups.2.dylib
0x00000001acf77000 	/System/Library/Frameworks/Kerberos.framework/Versions/A/Kerberos
0x00000001acbdd000 	/usr/lib/libresolv.9.dylib
0x00000001a8d9f000 	/usr/lib/libiconv.2.dylib
0x00000001aa999000 	/System/Library/PrivateFrameworks/Heimdal.framework/Versions/A/Heimdal
0x00000001b4e62000 	/System/Library/Frameworks/Kerberos.framework/Versions/A/Libraries/libHeimdalProxy.dylib
0x00000001aa77e000 	/usr/lib/libheimdal-asn1.dylib
0x00000001a4309000 	/System/Library/Frameworks/OpenDirectory.framework/Versions/A/OpenDirectory
0x00000001acfda000 	/System/Library/PrivateFrameworks/CommonAuth.framework/Versions/A/CommonAuth
0x00000001a4317000 	/System/Library/Frameworks/OpenDirectory.framework/Versions/A/Frameworks/CFOpenDirectory.framework/Versions/A/CFOpenDirectory
0x00000001a8cfa000 	/usr/lib/libcharset.1.dylib
0x00000001fb556000 	/System/Library/Frameworks/AVFAudio.framework/Versions/A/AVFAudio
0x00000001bd342000 	/System/Library/PrivateFrameworks/AXCoreUtilities.framework/Versions/A/AXCoreUtilities
0x000000025b6e8000 	/System/Library/PrivateFrameworks/IsolatedCoreAudioClient.framework/Versions/A/IsolatedCoreAudioClient
0x00000001acb18000 	/usr/lib/libAudioStatistics.dylib
0x00000001a6179000 	/System/Library/PrivateFrameworks/caulk.framework/Versions/A/caulk
0x000000019d22d000 	/System/Library/PrivateFrameworks/AudioToolboxCore.framework/Versions/A/AudioToolboxCore
0x00000001b7158000 	/System/Library/Frameworks/CoreMIDI.framework/Versions/A/CoreMIDI
0x00000001acaba000 	/System/Library/PrivateFrameworks/AudioSession.framework/Versions/A/AudioSession
0x00000001ae3f3000 	/System/Library/Frameworks/IOBluetooth.framework/Versions/A/IOBluetooth
0x00000001aa868000 	/System/Library/PrivateFrameworks/MediaExperience.framework/Versions/A/MediaExperience
0x00000002757f7000 	/System/Library/PrivateFrameworks/Tightbeam.framework/Versions/A/Tightbeam
0x00000002496db000 	/System/Library/PrivateFrameworks/CoreAudioOrchestration.framework/Versions/A/CoreAudioOrchestration
0x00000001da70c000 	/System/Library/PrivateFrameworks/AFKUser.framework/Versions/A/AFKUser
0x00000001c3a5a000 	/usr/lib/swift/libswiftCoreAudio.dylib
0x00000001aa988000 	/System/Library/PrivateFrameworks/AppServerSupport.framework/Versions/A/AppServerSupport
0x00000001acf5b000 	/System/Library/PrivateFrameworks/perfdata.framework/Versions/A/perfdata
0x00000001c2c0e000 	/System/Library/PrivateFrameworks/SystemPolicy.framework/Versions/A/SystemPolicy
0x00000001acdfc000 	/usr/lib/libSMC.dylib
0x00000001ab2b8000 	/usr/lib/libAudioToolboxUtility.dylib
0x00000001acf69000 	/usr/lib/libperfcheck.dylib
0x0000000245523000 	/System/Library/PrivateFrameworks/AudioAnalytics.framework/Versions/A/AudioAnalytics
0x00000001e721d000 	/System/Library/Frameworks/OSLog.framework/Versions/A/OSLog
0x00000001c3a21000 	/usr/lib/libmis.dylib
0x00000001ac8c8000 	/System/Library/PrivateFrameworks/AudioSession.framework/libSessionUtility.dylib
0x00000001ab409000 	/System/Library/PrivateFrameworks/CMCaptureCore.framework/Versions/A/CMCaptureCore
0x00000001fcbff000 	/System/Library/Frameworks/ExtensionFoundation.framework/Versions/A/ExtensionFoundation
0x00000001b2b2c000 	/System/Library/PrivateFrameworks/CoreTime.framework/Versions/A/CoreTime
0x00000001aa662000 	/System/Library/PrivateFrameworks/PlugInKit.framework/Versions/A/PlugInKit
0x00000001b1653000 	/System/Library/Frameworks/CoreBluetooth.framework/Versions/A/CoreBluetooth
0x00000001b4e63000 	/System/Library/Frameworks/AudioUnit.framework/Versions/A/AudioUnit
0x00000001a7eb3000 	/System/Library/PrivateFrameworks/CoreUtils.framework/Versions/A/CoreUtils
0x000000024c68e000 	/System/Library/PrivateFrameworks/CoreUtilsExtras.framework/Versions/A/CoreUtilsExtras
0x00000001b0a8c000 	/System/Library/Frameworks/MediaAccessibility.framework/Versions/A/MediaAccessibility
0x00000001cc078000 	/System/Library/PrivateFrameworks/AttributeGraph.framework/Versions/A/AttributeGraph
0x0000000281ee5000 	/usr/lib/libAXSafeCategoryBundle.dylib
0x00000001bd3fe000 	/usr/lib/libAccessibility.dylib
0x00000001a7cfd000 	/System/Library/Frameworks/Accelerate.framework/Versions/A/Frameworks/vecLib.framework/Versions/A/libvDSP.dylib
0x00000001a9067000 	/System/Library/Frameworks/Accelerate.framework/Versions/A/Frameworks/vecLib.framework/Versions/A/libLAPACK.dylib
0x00000001a81c3000 	/System/Library/Frameworks/Accelerate.framework/Versions/A/Frameworks/vecLib.framework/Versions/A/libLinearAlgebra.dylib
0x00000001a8f62000 	/System/Library/Frameworks/Accelerate.framework/Versions/A/Frameworks/vecLib.framework/Versions/A/libSparseBLAS.dylib
0x00000001a9062000 	/System/Library/Frameworks/Accelerate.framework/Versions/A/Frameworks/vecLib.framework/Versions/A/libQuadrature.dylib
0x00000001a7250000 	/System/Library/Frameworks/Accelerate.framework/Versions/A/Frameworks/vecLib.framework/Versions/A/libBNNS.dylib
0x000000019bcce000 	/System/Library/Frameworks/Accelerate.framework/Versions/A/Frameworks/vecLib.framework/Versions/A/libSparse.dylib
0x000000025ce5f000 	/System/Library/PrivateFrameworks/MIL.framework/Versions/A/MIL
0x00000001ab39c000 	/System/Library/PrivateFrameworks/GPUWrangler.framework/Versions/A/GPUWrangler
0x00000001ab37c000 	/System/Library/PrivateFrameworks/IOPresentment.framework/Versions/A/IOPresentment
0x00000001ab3a4000 	/System/Library/PrivateFrameworks/DSExternalDisplay.framework/Versions/A/DSExternalDisplay
0x00000001e7624000 	/System/Library/PrivateFrameworks/HIDDisplay.framework/Versions/A/HIDDisplay
0x00000001bc61c000 	/System/Library/PrivateFrameworks/HID.framework/Versions/A/HID
0x0000000279039000 	/System/Library/PrivateFrameworks/VideoToolboxParavirtualizationSupport.framework/Versions/A/VideoToolboxParavirtualizationSupport
0x00000001aa71a000 	/System/Library/PrivateFrameworks/AppleVA.framework/Versions/A/AppleVA
0x00000001b269b000 	/System/Library/PrivateFrameworks/GraphicsServices.framework/Versions/A/GraphicsServices
0x00000001ad14d000 	/System/Library/PrivateFrameworks/CorePhoneNumbers.framework/Versions/A/CorePhoneNumbers
0x00000001b183b000 	/System/Library/PrivateFrameworks/MediaKit.framework/Versions/A/MediaKit
0x00000001b1786000 	/System/Library/Frameworks/DiscRecording.framework/Versions/A/DiscRecording
0x00000001acf3c000 	/System/Library/PrivateFrameworks/NetAuth.framework/Versions/A/NetAuth
0x00000001a4507000 	/System/Library/PrivateFrameworks/login.framework/Versions/A/Frameworks/loginsupport.framework/Versions/A/loginsupport
0x00000001aa788000 	/System/Library/PrivateFrameworks/IconFoundation.framework/Versions/A/IconFoundation
0x00000001aa505000 	/usr/lib/libIOReport.dylib
0x0000000245133000 	/System/Library/PrivateFrameworks/AppleMobileFileIntegrity.framework/Versions/A/AppleMobileFileIntegrity
0x00000002822a7000 	/usr/lib/libTLE.dylib
0x00000001f802c000 	/System/Library/PrivateFrameworks/ConfigProfileHelper.framework/Versions/A/ConfigProfileHelper
0x00000001a8160000 	/usr/lib/libmecab.dylib
0x000000019be5e000 	/usr/lib/libCRFSuite.dylib
0x00000001a712c000 	/System/Library/PrivateFrameworks/CoreNLP.framework/Versions/A/CoreNLP
0x00000001a8f1a000 	/usr/lib/libThaiTokenizer.dylib
0x00000001a812a000 	/usr/lib/libCheckFix.dylib
0x00000001a374a000 	/System/Library/PrivateFrameworks/MetadataUtilities.framework/Versions/A/MetadataUtilities
0x0000000258694000 	/System/Library/PrivateFrameworks/InstalledContentLibrary.framework/Versions/A/InstalledContentLibrary
0x000000019e94a000 	/System/Library/PrivateFrameworks/CoreServicesStore.framework/Versions/A/CoreServicesStore
0x00000001d5ede000 	/System/Library/PrivateFrameworks/MobileSystemServices.framework/Versions/A/MobileSystemServices
0x00000001aa3c6000 	/usr/lib/libxslt.1.dylib
0x00000001a80ed000 	/System/Library/PrivateFrameworks/BackgroundTaskManagement.framework/Versions/A/BackgroundTaskManagement
0x00000001b45c2000 	/usr/lib/libcurl.4.dylib
0x00000002824db000 	/usr/lib/libcrypto.46.dylib
0x0000000283005000 	/usr/lib/libssl.48.dylib
0x00000001b429a000 	/System/Library/Frameworks/LDAP.framework/Versions/A/LDAP
0x00000001b42d6000 	/System/Library/PrivateFrameworks/TrustEvaluationAgent.framework/Versions/A/TrustEvaluationAgent
0x00000001acbfa000 	/usr/lib/libsasl2.2.dylib
0x00000001c0de3000 	/usr/lib/swift/libswiftCoreGraphics.dylib
0x00000001b10bb000 	/usr/lib/swift/libswiftFoundation.dylib
0x00000001f7ab6000 	/usr/lib/swift/libswiftSwiftOnoneSupport.dylib
0x00000001e38d0000 	/System/Library/PrivateFrameworks/CoreMaterial.framework/Versions/A/CoreMaterial
0x000000026989e000 	/System/Library/PrivateFrameworks/SFSymbols.framework/Versions/A/SFSymbols
0x00000001b0386000 	/System/Library/PrivateFrameworks/SpeechRecognitionCore.framework/Versions/A/SpeechRecognitionCore
0x0000000103ec8000 	/Library/Java/JavaVirtualMachines/jdk-21.jdk/Contents/Home/lib/server/libjvm.dylib
0x0000000102d20000 	/Library/Java/JavaVirtualMachines/jdk-21.jdk/Contents/Home/lib/libjimage.dylib
0x0000000102da4000 	/Library/Java/JavaVirtualMachines/jdk-21.jdk/Contents/Home/lib/libjava.dylib
0x00000001038c0000 	/Library/Java/JavaVirtualMachines/jdk-21.jdk/Contents/Home/lib/libnio.dylib
0x00000001038e0000 	/Library/Java/JavaVirtualMachines/jdk-21.jdk/Contents/Home/lib/libnet.dylib
0x0000000103920000 	/Library/Java/JavaVirtualMachines/jdk-21.jdk/Contents/Home/lib/libzip.dylib
0x00000001038f8000 	/Users/kavinduakash/.openjfx/cache/17.0.2-ea/libprism_es2.dylib
0x00000001fb1c4000 	/System/Library/Frameworks/OpenGL.framework/Versions/A/Resources/GLEngine.bundle/GLEngine
0x00000001fb069000 	/System/Library/Frameworks/OpenGL.framework/Versions/A/Libraries/libGLProgrammability.dylib
0x0000000103b44000 	/System/Library/Extensions/AppleMetalOpenGLRenderer.bundle/Contents/MacOS/AppleMetalOpenGLRenderer
0x00000001fb325000 	/System/Library/Frameworks/OpenGL.framework/Versions/A/Resources/GLRendererFloat.bundle/GLRendererFloat
0x000000012a3f0000 	/System/Library/Extensions/AGXMetalG16G_B0.bundle/Contents/MacOS/AGXMetalG16G_B0
0x00000001bc62d000 	/System/Library/PrivateFrameworks/IOGPU.framework/Versions/A/IOGPU
0x0000000103be0000 	/Users/kavinduakash/.openjfx/cache/17.0.2-ea/libglass.dylib
0x00000001a41ce000 	/System/Library/PrivateFrameworks/ViewBridge.framework/Versions/A/ViewBridge
0x00000001c9af0000 	/System/Library/Frameworks/Accelerate.framework/Versions/A/Frameworks/vImage.framework/Versions/A/Libraries/libCGInterfaces.dylib
0x0000000103e94000 	/usr/lib/libobjc-trampolines.dylib
0x0000000281ee9000 	/usr/lib/libAccessibilityBaseImplementations.dylib
0x000000027c60f000 	/System/Library/PrivateFrameworks/WritingToolsUI.framework/Versions/A/WritingToolsUI
0x0000000254c9f000 	/System/Library/PrivateFrameworks/GenerativeAssistantSettings.framework/Versions/A/GenerativeAssistantSettings
0x0000000273a39000 	/System/Library/PrivateFrameworks/TextComposer.framework/Versions/A/TextComposer
0x00000001c3a82000 	/usr/lib/swift/libswiftIntents.dylib
0x0000000283283000 	/usr/lib/swift/libswiftSpatial.dylib
0x00000001fb6af000 	/System/Library/Frameworks/AppIntents.framework/Versions/A/AppIntents
0x00000001ca950000 	/System/Library/Frameworks/SwiftUI.framework/Versions/A/SwiftUI
0x00000001c0ebf000 	/System/Library/Frameworks/WebKit.framework/Versions/A/WebKit
0x000000024064a000 	/System/Library/Frameworks/_AuthenticationServices_SwiftUI.framework/Versions/A/_AuthenticationServices_SwiftUI
0x000000024322a000 	/System/Library/PrivateFrameworks/Anvil.framework/Versions/A/Anvil
0x00000001c9fc5000 	/System/Library/PrivateFrameworks/AppStoreDaemon.framework/Versions/A/AppStoreDaemon
0x00000001b7373000 	/System/Library/PrivateFrameworks/AppleMediaServices.framework/Versions/A/AppleMediaServices
0x00000001c6a44000 	/System/Library/PrivateFrameworks/AppleMediaServicesUI.framework/Versions/A/AppleMediaServicesUI
0x0000000254c79000 	/System/Library/PrivateFrameworks/GenerativeAssistantCommon.framework/Versions/A/GenerativeAssistantCommon
0x00000001f70cf000 	/System/Library/PrivateFrameworks/JetEngine.framework/Versions/A/JetEngine
0x000000025c7c0000 	/System/Library/PrivateFrameworks/LinkMetadata.framework/Versions/A/LinkMetadata
0x00000001c4304000 	/System/Library/PrivateFrameworks/OnBoardingKit.framework/Versions/A/OnBoardingKit
0x000000026a719000 	/System/Library/PrivateFrameworks/Settings.framework/Versions/A/Settings
0x00000001a8b6a000 	/System/Library/Frameworks/CoreSpotlight.framework/Versions/A/CoreSpotlight
0x000000025ca01000 	/System/Library/PrivateFrameworks/LinkServices.framework/Versions/A/LinkServices
0x000000024d31e000 	/System/Library/PrivateFrameworks/DoNotDisturb.framework/Versions/A/DoNotDisturb
0x00000001c87e8000 	/System/Library/PrivateFrameworks/IntentsCore.framework/Versions/A/IntentsCore
0x0000000245910000 	/System/Library/PrivateFrameworks/AvailabilityKit.framework/Versions/A/AvailabilityKit
0x000000024347a000 	/System/Library/PrivateFrameworks/AppIntentSchemas.framework/Versions/A/AppIntentSchemas
0x000000027254f000 	/System/Library/PrivateFrameworks/StatusKit.framework/Versions/A/StatusKit
0x0000000268a4b000 	/System/Library/PrivateFrameworks/RecapPerformanceTesting.framework/Versions/A/RecapPerformanceTesting
0x00000001c42f4000 	/System/Library/PrivateFrameworks/SignpostCollection.framework/Versions/A/SignpostCollection
0x00000002822a6000 	/usr/lib/libSpatial.dylib
0x00000001b6d69000 	/System/Library/Frameworks/WebKit.framework/Versions/A/Frameworks/WebKitLegacy.framework/Versions/A/WebKitLegacy
0x00000001c2631000 	/System/Library/Frameworks/Carbon.framework/Versions/A/Carbon
0x00000001b4caf000 	/System/Library/PrivateFrameworks/CorePrediction.framework/Versions/A/CorePrediction
0x00000001a51c0000 	/System/Library/Frameworks/WebKit.framework/Versions/A/Frameworks/WebCore.framework/Versions/A/Frameworks/libwebrtc.dylib
0x00000001c0e4b000 	/System/Library/PrivateFrameworks/SafariSafeBrowsing.framework/Versions/A/SafariSafeBrowsing
0x00000001acc83000 	/System/Library/Frameworks/SecurityInterface.framework/Versions/A/SecurityInterface
0x00000001c4303000 	/System/Library/PrivateFrameworks/WebInspectorUI.framework/Versions/A/WebInspectorUI
0x00000001b966e000 	/System/Library/Frameworks/JavaScriptCore.framework/Versions/A/JavaScriptCore
0x00000001bd42f000 	/System/Library/Frameworks/WebKit.framework/Versions/A/Frameworks/WebCore.framework/Versions/A/WebCore
0x00000001b9667000 	/System/Library/Frameworks/Carbon.framework/Versions/A/Frameworks/CommonPanels.framework/Versions/A/CommonPanels
0x00000001b45ad000 	/System/Library/Frameworks/Carbon.framework/Versions/A/Frameworks/Help.framework/Versions/A/Help
0x00000001b966b000 	/System/Library/Frameworks/Carbon.framework/Versions/A/Frameworks/ImageCapture.framework/Versions/A/ImageCapture
0x00000001b9647000 	/System/Library/Frameworks/Carbon.framework/Versions/A/Frameworks/OpenScripting.framework/Versions/A/OpenScripting
0x00000001b9666000 	/System/Library/Frameworks/Carbon.framework/Versions/A/Frameworks/Ink.framework/Versions/A/Ink
0x00000001b9663000 	/System/Library/Frameworks/Carbon.framework/Versions/A/Frameworks/SecurityHI.framework/Versions/A/SecurityHI
0x00000001fc08d000 	/System/Library/Frameworks/BrowserEngineCore.framework/Versions/A/BrowserEngineCore
0x00000002401a8000 	/System/Library/Frameworks/WebKit.framework/Versions/A/Frameworks/WebCore.framework/Versions/A/Frameworks/libANGLE-shared.dylib
0x000000027b206000 	/System/Library/PrivateFrameworks/WebGPU.framework/Versions/A/WebGPU
0x00000001c60d6000 	/System/Library/Frameworks/SceneKit.framework/Versions/A/SceneKit
0x00000001d6705000 	/System/Library/Frameworks/ModelIO.framework/Versions/A/ModelIO
0x00000001ae5be000 	/System/Library/Frameworks/MetalKit.framework/Versions/A/MetalKit
0x00000001b069d000 	/System/Library/Frameworks/GLKit.framework/Versions/A/GLKit
0x00000002837bc000 	/usr/lib/usd/libusd_ms.dylib
0x000000027784e000 	/System/Library/PrivateFrameworks/USDLib_FormatLoaderProxy.framework/Versions/A/USDLib_FormatLoaderProxy
0x00000001c350a000 	/System/Library/PrivateFrameworks/CoreOptimization.framework/Versions/A/CoreOptimization
0x00000002457e3000 	/System/Library/PrivateFrameworks/AuthenticationServicesCore.framework/Versions/A/AuthenticationServicesCore
0x00000001cd267000 	/System/Library/Frameworks/AuthenticationServices.framework/Versions/A/AuthenticationServices
0x00000001aa63e000 	/System/Library/PrivateFrameworks/SharedWebCredentials.framework/Versions/A/SharedWebCredentials
0x00000001c5140000 	/System/Library/PrivateFrameworks/SafariCore.framework/Versions/A/SafariCore
0x00000001ccdbf000 	/System/Library/PrivateFrameworks/SafariFoundation.framework/Versions/A/SafariFoundation
0x000000024694d000 	/System/Library/PrivateFrameworks/CBORLibrary.framework/Versions/A/CBORLibrary
0x00000002476f5000 	/System/Library/PrivateFrameworks/Chirp.framework/Versions/A/Chirp
0x00000001f8361000 	/System/Library/PrivateFrameworks/RemoteManagement.framework/Versions/A/RemoteManagement
0x0000000268da1000 	/System/Library/PrivateFrameworks/RemoteManagementModel.framework/Versions/A/RemoteManagementModel
0x0000000268e2e000 	/System/Library/PrivateFrameworks/RemoteManagementStore.framework/Versions/A/RemoteManagementStore
0x00000001ae5dc000 	/usr/lib/libxcselect.dylib
0x00000001ccd2e000 	/System/Library/PrivateFrameworks/DifferentialPrivacy.framework/Versions/A/DifferentialPrivacy
0x00000001b136c000 	/System/Library/Frameworks/Contacts.framework/Versions/A/Contacts
0x0000000278072000 	/System/Library/PrivateFrameworks/VDAF.framework/Versions/A/VDAF
0x00000001b1189000 	/System/Library/PrivateFrameworks/ContactsPersistence.framework/Versions/A/ContactsPersistence
0x00000001b03a0000 	/System/Library/PrivateFrameworks/AppleLDAP.framework/Versions/A/AppleLDAP
0x00000001b4956000 	/System/Library/Frameworks/ClassKit.framework/Versions/A/ClassKit
0x00000001b6a95000 	/System/Library/PrivateFrameworks/CoreSuggestions.framework/Versions/A/CoreSuggestions
0x00000001b10bc000 	/System/Library/PrivateFrameworks/ContactsFoundation.framework/Versions/A/ContactsFoundation
0x00000001b265d000 	/System/Library/PrivateFrameworks/vCard.framework/Versions/A/vCard
0x0000000248f18000 	/System/Library/PrivateFrameworks/ContactsMetrics.framework/Versions/A/ContactsMetrics
0x00000001aaa5a000 	/System/Library/PrivateFrameworks/login.framework/Versions/A/login
0x000000025eb49000 	/System/Library/PrivateFrameworks/ManagedOrganizationContacts.framework/Versions/A/ManagedOrganizationContacts
0x00000001a492c000 	/System/Library/PrivateFrameworks/CloudDocs.framework/Versions/A/CloudDocs
0x00000001b6084000 	/System/Library/PrivateFrameworks/ConfigurationProfiles.framework/Versions/A/ConfigurationProfiles
0x000000024c89e000 	/System/Library/PrivateFrameworks/DMCUtilities.framework/Versions/A/DMCUtilities
0x000000025cddc000 	/System/Library/PrivateFrameworks/MDMClientLibrary.framework/Versions/A/MDMClientLibrary
0x0000000268e22000 	/System/Library/PrivateFrameworks/RemoteManagementProtocol.framework/Versions/A/RemoteManagementProtocol
0x00000002820b2000 	/usr/lib/libEndpointSecuritySystem.dylib
0x00000001b0ac6000 	/System/Library/PrivateFrameworks/SystemAdministration.framework/Versions/A/SystemAdministration
0x00000001baf74000 	/System/Library/PrivateFrameworks/PowerlogControl.framework/Versions/A/PowerlogControl
0x00000001a811c000 	/System/Library/Frameworks/ServiceManagement.framework/Versions/A/ServiceManagement
0x00000001baf76000 	/usr/lib/libUniversalAccess.dylib
0x00000001b7c41000 	/System/Library/PrivateFrameworks/FamilyControls.framework/Versions/A/FamilyControls
0x00000001b0351000 	/System/Library/Frameworks/DirectoryService.framework/Versions/A/DirectoryService
0x00000001b4644000 	/System/Library/PrivateFrameworks/LoginUIKit.framework/Versions/A/Frameworks/LoginUICore.framework/Versions/A/LoginUICore
0x00000001aac4a000 	/usr/lib/libodfde.dylib
0x00000001b7c3b000 	/System/Library/PrivateFrameworks/UniversalAccess.framework/Versions/A/Libraries/libUAPreferences.dylib
0x00000001b7c65000 	/System/Library/PrivateFrameworks/CommerceKit.framework/Versions/A/Frameworks/CommerceCore.framework/Versions/A/CommerceCore
0x000000024c84c000 	/System/Library/PrivateFrameworks/DEPClientLibrary.framework/Versions/A/DEPClientLibrary
0x000000024c86c000 	/System/Library/PrivateFrameworks/DMCEnrollmentLibrary.framework/Versions/A/DMCEnrollmentLibrary
0x00000001bb05a000 	/System/Library/PrivateFrameworks/SetupAssistantFramework.framework/Versions/A/SetupAssistantFramework
0x00000001b4d09000 	/System/Library/PrivateFrameworks/AuthKitUI.framework/Versions/A/AuthKitUI
0x00000001b468e000 	/System/Library/PrivateFrameworks/AppSSO.framework/Versions/A/AppSSO
0x00000001c9d2b000 	/System/Library/PrivateFrameworks/LocalAuthenticationUI.framework/Versions/A/LocalAuthenticationUI
0x0000000266fe0000 	/System/Library/PrivateFrameworks/PlatformSSO.framework/Versions/A/PlatformSSO
0x00000001ca718000 	/System/Library/PrivateFrameworks/AOSUI.framework/Versions/A/AOSUI
0x00000001bcaeb000 	/System/Library/Frameworks/ContactsUI.framework/Versions/A/ContactsUI
0x00000001b15a3000 	/System/Library/PrivateFrameworks/FamilyCircle.framework/Versions/A/FamilyCircle
0x00000001d7db4000 	/System/Library/Frameworks/LinkPresentation.framework/Versions/A/LinkPresentation
0x00000002670ac000 	/System/Library/PrivateFrameworks/PlatformSSOCore.framework/Versions/A/PlatformSSOCore
0x00000001bc7fd000 	/System/Library/PrivateFrameworks/IASUtilities.framework/Versions/A/IASUtilities
0x0000000257ce0000 	/System/Library/PrivateFrameworks/IASUtilitiesCore.framework/Versions/A/IASUtilitiesCore
0x000000025ccc4000 	/System/Library/PrivateFrameworks/LocalAuthenticationCoreUI.framework/Versions/A/LocalAuthenticationCoreUI
0x00000001c379f000 	/System/Library/Frameworks/LocalAuthentication.framework/Support/DaemonUtils.framework/Versions/A/DaemonUtils
0x00000001c6a0b000 	/System/Library/PrivateFrameworks/BridgeXPC.framework/Versions/A/BridgeXPC
0x00000001aaa7e000 	/System/Library/PrivateFrameworks/CoreBrightness.framework/Versions/A/CoreBrightness
0x00000001c43dd000 	/System/Library/PrivateFrameworks/CoreKDL.framework/Versions/A/CoreKDL
0x00000001c2c07000 	/System/Library/PrivateFrameworks/EmbeddedOSSupportHost.framework/Versions/A/EmbeddedOSSupportHost
0x0000000273262000 	/System/Library/PrivateFrameworks/SystemStatus.framework/Versions/A/SystemStatus
0x00000001d1e8e000 	/System/Library/PrivateFrameworks/StorageKit.framework/Versions/A/StorageKit
0x00000001f99db000 	/System/Library/Frameworks/DeviceCheck.framework/Versions/A/DeviceCheck
0x00000001fcd06000 	/System/Library/Frameworks/FSKit.framework/Versions/A/FSKit
0x000000024d03c000 	/System/Library/PrivateFrameworks/DiskImages2.framework/Versions/A/DiskImages2
0x000000025cb51000 	/System/Library/PrivateFrameworks/LiveFS.framework/Versions/A/LiveFS
0x000000027f951000 	/System/Library/PrivateFrameworks/icloudMCCKit.framework/Versions/A/icloudMCCKit
0x0000000244178000 	/System/Library/PrivateFrameworks/AppleAccountUI.framework/Versions/A/AppleAccountUI
0x000000024821b000 	/System/Library/PrivateFrameworks/CloudSubscriptionFeatures.framework/Versions/A/CloudSubscriptionFeatures
0x00000001e389c000 	/System/Library/PrivateFrameworks/PreferencePanesSupport.framework/Versions/A/PreferencePanesSupport
0x00000001ca8c8000 	/System/Library/PrivateFrameworks/FindMyDeviceUI.framework/Versions/A/FindMyDeviceUI
0x000000027d589000 	/System/Library/PrivateFrameworks/iCloudQuotaUI.framework/Versions/A/iCloudQuotaUI
0x00000001e3a4f000 	/System/Library/PrivateFrameworks/CoreCDPUI.framework/Versions/A/CoreCDPUI
0x00000001c4ea7000 	/System/Library/PrivateFrameworks/CoreFollowUpUI.framework/Versions/A/CoreFollowUpUI
0x00000001accbc000 	/System/Library/PrivateFrameworks/CoreFollowUp.framework/Versions/A/CoreFollowUp
0x00000001d0c09000 	/System/Library/PrivateFrameworks/IMCore.framework/Versions/A/IMCore
0x00000001bafdc000 	/System/Library/PrivateFrameworks/CoreCDP.framework/Versions/A/CoreCDP
0x00000001b7365000 	/System/Library/PrivateFrameworks/AskPermission.framework/Versions/A/AskPermission
0x00000001c8763000 	/System/Library/Frameworks/Quartz.framework/Versions/A/Quartz
0x00000001d4732000 	/System/Library/PrivateFrameworks/CloudPhotoServicesConfiguration.framework/Versions/A/CloudPhotoServicesConfiguration
0x00000001c7179000 	/System/Library/PrivateFrameworks/CommerceKit.framework/Versions/A/CommerceKit
0x00000001d6070000 	/System/Library/PrivateFrameworks/FindMyMac.framework/Versions/A/FindMyMac
0x00000001d5f47000 	/System/Library/Frameworks/PreferencePanes.framework/Versions/A/PreferencePanes
0x00000001c9e23000 	/System/Library/Frameworks/AddressBook.framework/Versions/A/AddressBook
0x00000001b634d000 	/System/Library/PrivateFrameworks/AOSAccounts.framework/Versions/A/AOSAccounts
0x00000001b0ac0000 	/System/Library/PrivateFrameworks/AppleSRP.framework/Versions/A/AppleSRP
0x00000001c36b9000 	/System/Library/Frameworks/SafariServices.framework/Versions/A/SafariServices
0x00000001b4e6b000 	/System/Library/PrivateFrameworks/NetFSServer.framework/Versions/A/NetFSServer
0x00000001c5faf000 	/System/Library/Frameworks/PDFKit.framework/Versions/A/PDFKit
0x00000001d6f68000 	/System/Library/PrivateFrameworks/EmailFoundation.framework/Versions/A/EmailFoundation
0x00000001d5fa4000 	/System/Library/PrivateFrameworks/EmailCore.framework/Versions/A/EmailCore
0x00000001d9d94000 	/System/Library/PrivateFrameworks/EmailAddressing.framework/Versions/A/EmailAddressing
0x00000001d9da0000 	/System/Library/PrivateFrameworks/Email.framework/Versions/A/Email
0x00000002021f7000 	/System/Library/Frameworks/TabularData.framework/Versions/A/TabularData
0x0000000283263000 	/usr/lib/swift/libswiftPassKit.dylib
0x0000000245a52000 	/System/Library/PrivateFrameworks/BackgroundSystemTasks.framework/Versions/A/BackgroundSystemTasks
0x000000025cd53000 	/System/Library/PrivateFrameworks/LockdownMode.framework/Versions/A/LockdownMode
0x00000001b159d000 	/System/Library/PrivateFrameworks/CommunicationsFilter.framework/Versions/A/CommunicationsFilter
0x00000001e7560000 	/System/Library/Frameworks/PassKit.framework/Versions/A/PassKit
0x00000001b8765000 	/System/Library/PrivateFrameworks/PassKitCore.framework/Versions/A/PassKitCore
0x0000000264597000 	/System/Library/PrivateFrameworks/PassKitMacHelperTemp.framework/Versions/A/PassKitMacHelperTemp
0x00000002434b7000 	/System/Library/PrivateFrameworks/AppIntentsServices.framework/Versions/A/AppIntentsServices
0x00000001b5f63000 	/System/Library/PrivateFrameworks/CoreRecents.framework/Versions/A/CoreRecents
0x00000001c37ec000 	/System/Library/PrivateFrameworks/BiometricKit.framework/Versions/A/BiometricKit
0x00000002697df000 	/System/Library/PrivateFrameworks/SEService.framework/Versions/A/SEService
0x00000001b6b61000 	/System/Library/Frameworks/EventKit.framework/Versions/A/EventKit
0x00000001c8808000 	/System/Library/PrivateFrameworks/NearField.framework/Versions/A/NearField
0x00000001ca540000 	/System/Library/PrivateFrameworks/FTClientServices.framework/Versions/A/FTClientServices
0x00000001e32bd000 	/System/Library/PrivateFrameworks/DiagnosticRequest.framework/Versions/A/DiagnosticRequest
0x0000000282260000 	/usr/lib/libSESShared.dylib
0x0000000269980000 	/System/Library/PrivateFrameworks/STSXPCHelperClient.framework/Versions/A/STSXPCHelperClient
0x0000000273035000 	/System/Library/PrivateFrameworks/Symptoms.framework/Versions/A/Frameworks/SymptomPresentationFeed.framework/Versions/A/SymptomPresentationFeed
0x0000000244a2b000 	/System/Library/PrivateFrameworks/AppleMediaServicesKitInternal.framework/Versions/A/AppleMediaServicesKitInternal
0x0000000272db0000 	/System/Library/PrivateFrameworks/SymptomShared.framework/Versions/A/SymptomShared
0x0000000247285000 	/System/Library/PrivateFrameworks/CalendarDatabase.framework/Versions/A/CalendarDatabase
0x00000002471d9000 	/System/Library/PrivateFrameworks/CalendarDaemon.framework/Versions/A/CalendarDaemon
0x00000001b5fb8000 	/System/Library/PrivateFrameworks/CalendarFoundation.framework/Versions/A/CalendarFoundation
0x00000001b5f74000 	/System/Library/PrivateFrameworks/iCalendar.framework/Versions/A/iCalendar
0x000000024cad3000 	/System/Library/PrivateFrameworks/DataAccessExpress.framework/Versions/A/DataAccessExpress
0x00000001bc68f000 	/System/Library/PrivateFrameworks/CoreDAV.framework/Versions/A/CoreDAV
0x00000001b6a36000 	/System/Library/PrivateFrameworks/CalDAV.framework/Versions/A/CalDAV
0x00000001c0ba8000 	/System/Library/PrivateFrameworks/TelephonyUtilities.framework/Versions/A/TelephonyUtilities
0x00000001c4f72000 	/System/Library/Frameworks/CallKit.framework/Versions/A/CallKit
0x00000001ecbab000 	/System/Library/PrivateFrameworks/IMTransferServices.framework/Versions/A/IMTransferServices
0x00000001c3524000 	/System/Library/PrivateFrameworks/IncomingCallFilter.framework/Versions/A/IncomingCallFilter
0x0000000261e9d000 	/System/Library/PrivateFrameworks/NeighborhoodActivityConduit.framework/Versions/A/NeighborhoodActivityConduit
0x0000000282088000 	/usr/lib/libBASupport.dylib
0x00000001d09b3000 	/System/Library/PrivateFrameworks/SpotlightReceiver.framework/Versions/A/SpotlightReceiver
0x00000001ca1e1000 	/usr/lib/libnfshared.dylib
0x00000001e9d8e000 	/System/Library/PrivateFrameworks/PassKitUIFoundation.framework/Versions/A/PassKitUIFoundation
0x00000001b03b2000 	/System/Library/Frameworks/MapKit.framework/Versions/A/MapKit
0x00000001fccca000 	/System/Library/Frameworks/ExtensionKit.framework/Versions/A/ExtensionKit
0x0000000255102000 	/System/Library/PrivateFrameworks/GeoAnalytics.framework/Versions/A/GeoAnalytics
0x00000001c4532000 	/System/Library/PrivateFrameworks/SearchFoundation.framework/Versions/A/SearchFoundation
0x00000001ca217000 	/System/Library/PrivateFrameworks/Navigation.framework/Versions/A/Navigation
0x00000001d3253000 	/System/Library/PrivateFrameworks/VectorKit.framework/Versions/A/VectorKit
0x00000001bc8c5000 	/System/Library/PrivateFrameworks/VirtualGarage.framework/Versions/A/VirtualGarage
0x00000001ca390000 	/System/Library/Frameworks/ExternalAccessory.framework/ExternalAccessory
0x00000001ca3aa000 	/System/Library/PrivateFrameworks/IAP.framework/Versions/A/IAP
0x00000001b0665000 	/System/Library/PrivateFrameworks/IOPlatformPluginFamily.framework/Versions/A/IOPlatformPluginFamily
0x0000000245913000 	/System/Library/PrivateFrameworks/AvatarKit.framework/Versions/A/AvatarKit
0x00000002459cb000 	/System/Library/PrivateFrameworks/AvatarPersistence.framework/Versions/A/AvatarPersistence
0x0000000268e97000 	/System/Library/PrivateFrameworks/RemoteUI.framework/Versions/A/RemoteUI
0x00000001b0769000 	/usr/lib/libCTGreenTeaLogger.dylib
0x0000000202421000 	/System/Library/Frameworks/TipKit.framework/Versions/A/TipKit
0x00000001e5517000 	/System/Library/PrivateFrameworks/AppleCVA.framework/Versions/A/AppleCVA
0x00000002459ca000 	/System/Library/PrivateFrameworks/AvatarKitContent.framework/Versions/A/AvatarKitContent
0x00000001b0791000 	/System/Library/PrivateFrameworks/CoreAppleCVA.framework/Versions/A/CoreAppleCVA
0x000000025bb8f000 	/System/Library/PrivateFrameworks/LiftUI.framework/Versions/A/LiftUI
0x000000024818a000 	/System/Library/PrivateFrameworks/CloudSettings.framework/Versions/A/CloudSettings
0x00000001c314e000 	/System/Library/PrivateFrameworks/CoreRoutine.framework/Versions/A/CoreRoutine
0x00000001d19e3000 	/System/Library/PrivateFrameworks/Categories.framework/Versions/A/Categories
0x000000024868a000 	/System/Library/PrivateFrameworks/Coherence.framework/Versions/A/Coherence
0x00000001c0aa3000 	/System/Library/PrivateFrameworks/CoreParsec.framework/Versions/A/CoreParsec
0x0000000264c26000 	/System/Library/PrivateFrameworks/PegasusAPI.framework/Versions/A/PegasusAPI
0x00000002658f4000 	/System/Library/PrivateFrameworks/PegasusConfiguration.framework/Versions/A/PegasusConfiguration
0x000000025cd2a000 	/System/Library/PrivateFrameworks/LocalStatusKit.framework/Versions/A/LocalStatusKit
0x00000001c5126000 	/System/Library/PrivateFrameworks/ContextKit.framework/Versions/A/ContextKit
0x0000000249045000 	/System/Library/PrivateFrameworks/ContextKitCore.framework/Versions/A/ContextKitCore
0x00000001ca544000 	/System/Library/PrivateFrameworks/CharacterPicker.framework/Versions/A/CharacterPicker
0x00000001c362b000 	/System/Library/PrivateFrameworks/ContactsDonation.framework/Versions/A/ContactsDonation
0x00000001bc9e7000 	/System/Library/PrivateFrameworks/ContactsUICore.framework/Versions/A/ContactsUICore
0x00000001c2f31000 	/System/Library/PrivateFrameworks/DataDetectors.framework/Versions/A/DataDetectors
0x00000001b6a22000 	/System/Library/Frameworks/MediaLibrary.framework/Versions/A/MediaLibrary
0x00000001b158c000 	/System/Library/PrivateFrameworks/PersonaKit.framework/Versions/A/PersonaKit
0x00000001bc9d5000 	/System/Library/PrivateFrameworks/PersonaUI.framework/Versions/A/PersonaUI
0x00000002585a1000 	/System/Library/PrivateFrameworks/InputToolKitUI.framework/Versions/A/InputToolKitUI
0x000000025858c000 	/System/Library/PrivateFrameworks/InputToolKit.framework/Versions/A/InputToolKit
0x0000000272688000 	/System/Library/PrivateFrameworks/Stickers.framework/Versions/A/Stickers
0x00000002584fa000 	/System/Library/PrivateFrameworks/InputAnalytics.framework/Versions/A/InputAnalytics
0x00000001cc0bb000 	/System/Library/PrivateFrameworks/EmojiFoundation.framework/Versions/A/EmojiFoundation
0x000000024e474000 	/System/Library/PrivateFrameworks/FeedbackService.framework/Versions/A/FeedbackService
0x00000001b1208000 	/System/Library/PrivateFrameworks/AddressBookCore.framework/Versions/A/AddressBookCore
0x00000001c4e27000 	/System/Library/PrivateFrameworks/IntlPreferences.framework/Versions/A/IntlPreferences
0x00000001c9fa6000 	/System/Library/PrivateFrameworks/ToneKit.framework/Versions/A/ToneKit
0x00000001c4e6d000 	/System/Library/PrivateFrameworks/ToneLibrary.framework/Versions/A/ToneLibrary
0x0000000248ede000 	/System/Library/PrivateFrameworks/ContactsAccounts.framework/Versions/A/ContactsAccounts
0x00000001d5966000 	/System/Library/PrivateFrameworks/Transparency.framework/Versions/A/Transparency
0x00000001c8680000 	/System/Library/PrivateFrameworks/Lookup.framework/Versions/A/Lookup
0x00000002005f5000 	/System/Library/Frameworks/QuickLookUI.framework/Versions/A/QuickLookUI
0x0000000200fd5000 	/System/Library/Frameworks/ScreenCaptureKit.framework/Versions/A/ScreenCaptureKit
0x00000001c5ac3000 	/System/Library/Frameworks/Quartz.framework/Versions/A/Frameworks/QuartzComposer.framework/Versions/A/QuartzComposer
0x00000001c4dfe000 	/System/Library/Frameworks/Quartz.framework/Versions/A/Frameworks/QuartzFilters.framework/Versions/A/QuartzFilters
0x00000001c3ee4000 	/System/Library/Frameworks/Quartz.framework/Versions/A/Frameworks/ImageKit.framework/Versions/A/ImageKit
0x00000001fb34a000 	/System/Library/Frameworks/OpenCL.framework/Versions/A/OpenCL
0x00000001c2630000 	/System/Library/PrivateFrameworks/CorePDF.framework/Versions/A/CorePDF
0x00000001ae555000 	/System/Library/Frameworks/QuickLook.framework/Versions/A/QuickLook
0x00000001b866a000 	/System/Library/PrivateFrameworks/DisplayServices.framework/Versions/A/DisplayServices
0x00000001c4d6e000 	/System/Library/Frameworks/ImageCaptureCore.framework/Versions/A/ImageCaptureCore
0x0000000279b27000 	/System/Library/PrivateFrameworks/VisionKitCore.framework/Versions/A/VisionKitCore
0x00000001c0a73000 	/System/Library/PrivateFrameworks/QuickLookSupport.framework/Versions/A/QuickLookSupport
0x000000025f3b3000 	/System/Library/PrivateFrameworks/MediaAnalysisServices.framework/Versions/A/MediaAnalysisServices
0x00000001c766f000 	/System/Library/PrivateFrameworks/PhotoLibraryServices.framework/Versions/A/PhotoLibraryServices
0x00000001c49b7000 	/System/Library/Frameworks/Photos.framework/Versions/A/Photos
0x00000001d8195000 	/System/Library/PrivateFrameworks/PhotosFormats.framework/Versions/A/PhotosFormats
0x00000001d4764000 	/System/Library/PrivateFrameworks/CloudPhotoLibrary.framework/Versions/A/CloudPhotoLibrary
0x00000001dd786000 	/System/Library/PrivateFrameworks/CloudPhotoServices.framework/Versions/A/CloudPhotoServices
0x00000001d9f1d000 	/System/Library/PrivateFrameworks/CoreMediaStream.framework/Versions/A/CoreMediaStream
0x00000001b1bb8000 	/System/Library/PrivateFrameworks/CPAnalytics.framework/Versions/A/CPAnalytics
0x00000001d660a000 	/System/Library/PrivateFrameworks/MediaConversionService.framework/Versions/A/MediaConversionService
0x00000001b82d7000 	/System/Library/PrivateFrameworks/PhotoFoundation.framework/Versions/A/PhotoFoundation
0x0000000265e8c000 	/System/Library/PrivateFrameworks/PhotoLibraryServicesCore.framework/Versions/A/PhotoLibraryServicesCore
0x00000001d0364000 	/System/Library/PrivateFrameworks/MMCS.framework/Versions/A/MMCS
0x00000001b688b000 	/System/Library/PrivateFrameworks/ChunkingLibrary.framework/Versions/A/ChunkingLibrary
0x00000001b0a6b000 	/System/Library/PrivateFrameworks/AssetCacheServices.framework/Versions/A/AssetCacheServices
0x00000001b2793000 	/System/Library/PrivateFrameworks/AVFoundationCF.framework/Versions/A/AVFoundationCF
0x00000001ecaa8000 	/usr/lib/swift/libswiftDemangle.dylib
0x00000001c31ae000 	/System/Library/PrivateFrameworks/MediaStream.framework/Versions/A/MediaStream
0x00000001d6b24000 	/System/Library/PrivateFrameworks/NeutrinoCore.framework/Versions/A/NeutrinoCore
0x00000001a1cd1000 	/System/Library/PrivateFrameworks/NLP.framework/Versions/A/NLP
0x00000001dc532000 	/System/Library/PrivateFrameworks/PhotoImaging.framework/Versions/A/PhotoImaging
0x00000001dd747000 	/System/Library/PrivateFrameworks/PhotosImagingFoundation.framework/Versions/A/PhotosImagingFoundation
0x0000000266967000 	/System/Library/PrivateFrameworks/PhotosIntelligenceCore.framework/Versions/A/PhotosIntelligenceCore
0x00000001b2c2a000 	/System/Library/PrivateFrameworks/EmbeddedAcousticRecognition.framework/Versions/A/EmbeddedAcousticRecognition
0x00000001d49cb000 	/System/Library/PrivateFrameworks/SDAPI.framework/Versions/A/SDAPI
0x00000001dd794000 	/System/Library/PrivateFrameworks/AutoLoop.framework/Versions/A/AutoLoop
0x00000002673d0000 	/System/Library/PrivateFrameworks/Portrait.framework/Versions/A/Portrait
0x0000000244221000 	/System/Library/PrivateFrameworks/AppleDepth.framework/Versions/A/AppleDepth
0x000000024f00a000 	/System/Library/PrivateFrameworks/FusionTracker.framework/Versions/A/FusionTracker
0x000000024430f000 	/System/Library/PrivateFrameworks/AppleDepthCore.framework/Versions/A/AppleDepthCore
0x00000001c5583000 	/System/Library/PrivateFrameworks/iTunesCloud.framework/Versions/A/iTunesCloud
0x00000001cde29000 	/System/Library/PrivateFrameworks/DAAPKit.framework/Versions/A/DAAPKit
0x00000002832e7000 	/usr/lib/swift/libswiftVideoToolbox.dylib
0x00000001c0d84000 	/System/Library/PrivateFrameworks/DeviceManagement.framework/Versions/A/DeviceManagement
0x00000001e321c000 	/System/Library/PrivateFrameworks/ScreenTimeUI.framework/Versions/A/ScreenTimeUI
0x00000001c2f2b000 	/System/Library/PrivateFrameworks/QuickLookNonBaseSystem.framework/Versions/A/QuickLookNonBaseSystem
0x00000001c36fa000 	/System/Library/PrivateFrameworks/Catalyst.framework/Versions/A/Catalyst
0x000000025eb4f000 	/System/Library/PrivateFrameworks/ManagedSettingsObjC.framework/Versions/A/ManagedSettingsObjC
0x00000001c5014000 	/System/Library/PrivateFrameworks/ScreenTimeCore.framework/Versions/A/ScreenTimeCore
0x00000001d76f8000 	/System/Library/PrivateFrameworks/ScreenTimeServiceUI.framework/Versions/A/ScreenTimeServiceUI
0x00000001d04ef000 	/System/Library/PrivateFrameworks/ConfigurationEngineModel.framework/Versions/A/ConfigurationEngineModel
0x00000001d320f000 	/System/Library/PrivateFrameworks/UsageTracking.framework/Versions/A/UsageTracking
0x00000001fcacb000 	/System/Library/Frameworks/DeviceActivity.framework/Versions/A/DeviceActivity
0x00000001d31df000 	/System/Library/PrivateFrameworks/KnowledgeMonitor.framework/Versions/A/KnowledgeMonitor
0x00000001e9d33000 	/System/Library/PrivateFrameworks/BluetoothManager.framework/Versions/A/BluetoothManager
0x00000001fdc26000 	/System/Library/Frameworks/ManagedSettings.framework/Versions/A/ManagedSettings
0x000000025eb88000 	/System/Library/PrivateFrameworks/ManagedSettingsSupport.framework/Versions/A/ManagedSettingsSupport
0x00000001e7630000 	/System/Library/Frameworks/ReplayKit.framework/Versions/A/ReplayKit
0x00000001b9603000 	/System/Library/PrivateFrameworks/MarkupUI.framework/Versions/A/MarkupUI
0x00000001c2f03000 	/System/Library/PrivateFrameworks/SidecarCore.framework/Versions/A/SidecarCore
0x00000001c5984000 	/System/Library/PrivateFrameworks/AnnotationKit.framework/Versions/A/AnnotationKit
0x0000000202581000 	/System/Library/Frameworks/Translation.framework/Versions/A/Translation
0x00000001df15b000 	/System/Library/PrivateFrameworks/RevealCore.framework/Versions/A/RevealCore
0x00000001df14f000 	/System/Library/PrivateFrameworks/Reveal.framework/Versions/A/Reveal
0x000000027692f000 	/System/Library/PrivateFrameworks/TranslationUIServices.framework/Versions/A/TranslationUIServices
0x00000001c412a000 	/System/Library/Frameworks/PencilKit.framework/Versions/A/PencilKit
0x00000001c42df000 	/System/Library/PrivateFrameworks/SidecarUI.framework/Versions/A/SidecarUI
0x00000001c3ad7000 	/System/Library/PrivateFrameworks/CoreHandwriting.framework/Versions/A/CoreHandwriting
0x000000019be93000 	/usr/lib/libmecabra.dylib
0x00000001bce5e000 	/System/Library/PrivateFrameworks/Calculate.framework/Versions/A/Calculate
0x00000001aa3f2000 	/usr/lib/libChineseTokenizer.dylib
0x00000001f828a000 	/System/Library/PrivateFrameworks/ScreenReaderCore.framework/Versions/A/ScreenReaderCore
0x0000000272a5f000 	/System/Library/PrivateFrameworks/StocksKit.framework/Versions/A/StocksKit
0x00000001bbfd7000 	/System/Library/PrivateFrameworks/OAuth.framework/Versions/A/OAuth
0x000000027270c000 	/System/Library/PrivateFrameworks/StocksCore.framework/Versions/A/StocksCore
0x0000000273770000 	/System/Library/PrivateFrameworks/TeaFoundation.framework/Versions/A/TeaFoundation
0x0000000273959000 	/System/Library/PrivateFrameworks/TeaSettings.framework/Versions/A/TeaSettings
0x00000001ede72000 	/System/Library/PrivateFrameworks/NewsCore.framework/Versions/A/NewsCore
0x000000027370d000 	/System/Library/PrivateFrameworks/TeaDB.framework/Versions/A/TeaDB
0x00000001eab1c000 	/System/Library/PrivateFrameworks/RemoteConfiguration.framework/Versions/A/RemoteConfiguration
0x00000001edaac000 	/System/Library/PrivateFrameworks/NewsTransport.framework/Versions/A/NewsTransport
0x00000001ede62000 	/System/Library/PrivateFrameworks/NewsFoundation.framework/Versions/A/NewsFoundation
0x00000002623e5000 	/System/Library/PrivateFrameworks/NewsURLBucket.framework/Versions/A/NewsURLBucket
0x00000001c73a3000 	/System/Library/PrivateFrameworks/MobileInstallation.framework/Versions/A/MobileInstallation
0x0000000275976000 	/System/Library/PrivateFrameworks/TipKitCore.framework/Versions/A/TipKitCore
0x00000001cc13e000 	/System/Library/PrivateFrameworks/CoreCDPInternal.framework/Versions/A/CoreCDPInternal
0x00000001bbf29000 	/System/Library/PrivateFrameworks/AccountsDaemon.framework/Versions/A/AccountsDaemon
0x0000000268ad9000 	/System/Library/PrivateFrameworks/RegulatoryDomain.framework/Versions/A/RegulatoryDomain
0x00000001e3a4c000 	/System/Library/PrivateFrameworks/MachineSettings.framework/Versions/A/MachineSettings
0x00000001d5eca000 	/System/Library/PrivateFrameworks/BezelServices.framework/Versions/A/BezelServices
0x00000001cdeb2000 	/System/Library/PrivateFrameworks/SPOwner.framework/Versions/A/SPOwner
0x00000001c71de000 	/System/Library/PrivateFrameworks/FMCore.framework/Versions/A/FMCore
0x000000027d4e6000 	/System/Library/PrivateFrameworks/iCloudQuota.framework/Versions/A/iCloudQuota
0x00000001bc95a000 	/System/Library/PrivateFrameworks/CoreRecognition.framework/Versions/A/CoreRecognition
0x00000001d5f7f000 	/System/Library/PrivateFrameworks/InAppMessages.framework/Versions/A/InAppMessages
0x00000001f6fd6000 	/System/Library/PrivateFrameworks/JetUI.framework/Versions/A/JetUI
0x000000025b8eb000 	/System/Library/PrivateFrameworks/JetPack.framework/Versions/A/JetPack
0x00000001d5f76000 	/System/Library/PrivateFrameworks/InAppMessagesCore.framework/Versions/A/InAppMessagesCore
0x000000027cbde000 	/System/Library/PrivateFrameworks/_JetEngine_SwiftUI.framework/Versions/A/_JetEngine_SwiftUI
0x000000027305d000 	/System/Library/PrivateFrameworks/Synapse.framework/Versions/A/Synapse
0x0000000247075000 	/System/Library/PrivateFrameworks/CSExattrCrypto.framework/Versions/A/CSExattrCrypto
0x00000001b82e8000 	/System/Library/PrivateFrameworks/IMSharedUtilities.framework/Versions/A/IMSharedUtilities
0x00000001d129d000 	/System/Library/Frameworks/InstantMessage.framework/Versions/A/InstantMessage
0x00000001c9d24000 	/System/Library/PrivateFrameworks/IDSKVStore.framework/Versions/A/IDSKVStore
0x00000001c9b64000 	/System/Library/PrivateFrameworks/IMDPersistence.framework/Versions/A/IMDPersistence
0x0000000283203000 	/usr/lib/swift/libswiftAppleArchive.dylib
0x0000000278064000 	/System/Library/PrivateFrameworks/UserSafety.framework/Versions/A/UserSafety
0x00000001e8f85000 	/System/Library/PrivateFrameworks/BlastDoor.framework/Versions/A/BlastDoor
0x0000000201059000 	/System/Library/Frameworks/SensitiveContentAnalysis.framework/Versions/A/SensitiveContentAnalysis
0x000000025c9d1000 	/System/Library/PrivateFrameworks/LinkPresentationStyleSheetParsing.framework/Versions/A/LinkPresentationStyleSheetParsing
0x00000001c3583000 	/System/Library/PrivateFrameworks/CoreSDB.framework/Versions/A/CoreSDB
0x0000000245369000 	/System/Library/PrivateFrameworks/AskToCore.framework/Versions/A/AskToCore
0x00000001c836d000 	/System/Library/PrivateFrameworks/StoreFoundation.framework/Versions/A/StoreFoundation
0x00000001c71d8000 	/System/Library/PrivateFrameworks/ServerInformation.framework/Versions/A/ServerInformation
0x00000001c6c49000 	/System/Library/PrivateFrameworks/Install.framework/Frameworks/DistributionKit.framework/Versions/A/DistributionKit
0x00000001c0840000 	/System/Library/PrivateFrameworks/PackageKit.framework/Versions/A/PackageKit
0x00000001c6c6c000 	/System/Library/PrivateFrameworks/OSPersonalization.framework/Versions/A/OSPersonalization
0x00000001c88d9000 	/System/Library/PrivateFrameworks/BridgeOSSoftwareUpdate.framework/Versions/A/BridgeOSSoftwareUpdate
0x00000001c39ff000 	/System/Library/PrivateFrameworks/StorageManagement.framework/Versions/A/StorageManagement
0x00000001d7281000 	/usr/lib/libauthinstall.dylib
0x00000001c88e2000 	/System/Library/PrivateFrameworks/InstallerDiagnostics.framework/Versions/A/InstallerDiagnostics
0x00000001d78b4000 	/usr/lib/libcrypto.42.dylib
0x00000001c88c7000 	/System/Library/PrivateFrameworks/GPUInfo.framework/Versions/A/GPUInfo
0x00000001d6076000 	/System/Library/PrivateFrameworks/MobileActivationMacOS.framework/Versions/A/MobileActivationMacOS
0x00000001b1b5f000 	/System/Library/PrivateFrameworks/GenerationalStorage.framework/Versions/A/GenerationalStorage
0x00000001ad0bf000 	/System/Library/PrivateFrameworks/CacheDelete.framework/Versions/A/CacheDelete
0x00000001b4f9d000 	/System/Library/Frameworks/QuickLookThumbnailing.framework/Versions/A/QuickLookThumbnailing
0x00000001b1991000 	/System/Library/Frameworks/FileProvider.framework/Versions/A/FileProvider
0x00000001a0134000 	/System/Library/PrivateFrameworks/DesktopServicesPriv.framework/Versions/A/DesktopServicesPriv
0x00000001a23f6000 	/System/Library/Frameworks/Accounts.framework/Versions/A/Accounts
0x00000001c8926000 	/System/Library/PrivateFrameworks/AOSKit.framework/Versions/A/AOSKit
0x00000001aa522000 	/System/Library/PrivateFrameworks/AppSSOCore.framework/Versions/A/AppSSOCore
0x00000001b464a000 	/System/Library/PrivateFrameworks/AppSupport.framework/Versions/A/AppSupport
0x00000001c2a09000 	/System/Library/Frameworks/AVFoundation.framework/Versions/A/AVFoundation
0x00000001b4ec0000 	/System/Library/PrivateFrameworks/DuetActivityScheduler.framework/Versions/A/DuetActivityScheduler
0x00000001c352a000 	/System/Library/PrivateFrameworks/FTServices.framework/Versions/A/FTServices
0x00000001d469d000 	/System/Library/PrivateFrameworks/NetworkServiceProxy.framework/Versions/A/NetworkServiceProxy
0x00000001b4e86000 	/System/Library/PrivateFrameworks/StreamingZip.framework/Versions/A/StreamingZip
0x00000001b3f76000 	/System/Library/PrivateFrameworks/CoreWiFi.framework/Versions/A/CoreWiFi
0x00000001acfeb000 	/System/Library/PrivateFrameworks/MobileAsset.framework/Versions/A/MobileAsset
0x00000001b2b37000 	/System/Library/PrivateFrameworks/Rapport.framework/Versions/A/Rapport
0x0000000272dc0000 	/System/Library/PrivateFrameworks/Symptoms.framework/Versions/A/Frameworks/SymptomAnalytics.framework/Versions/A/SymptomAnalytics
0x00000001b06d7000 	/usr/lib/libnetworkextension.dylib
0x0000000282ae9000 	/usr/lib/libmrc.dylib
0x0000000257e0d000 	/System/Library/PrivateFrameworks/IPConfiguration.framework/Versions/A/IPConfiguration
0x00000001e3894000 	/System/Library/PrivateFrameworks/Netrb.framework/Versions/A/Netrb
0x00000001ee814000 	/System/Library/PrivateFrameworks/WiFiPeerToPeer.framework/Versions/A/WiFiPeerToPeer
0x00000001ca4c4000 	/System/Library/PrivateFrameworks/SoftwareUpdateCoreSupport.framework/Versions/A/SoftwareUpdateCoreSupport
0x00000001d1e5f000 	/System/Library/PrivateFrameworks/SoftwareUpdateCoreConnect.framework/Versions/A/SoftwareUpdateCoreConnect
0x00000001b4502000 	/System/Library/PrivateFrameworks/RemoteServiceDiscovery.framework/Versions/A/RemoteServiceDiscovery
0x00000001ca14a000 	/System/Library/PrivateFrameworks/MSUDataAccessor.framework/Versions/A/MSUDataAccessor
0x00000001c593f000 	/usr/lib/libbootpolicy.dylib
0x00000001b4518000 	/System/Library/PrivateFrameworks/RemoteXPC.framework/Versions/A/RemoteXPC
0x00000001d12ad000 	/usr/lib/libFDR.dylib
0x00000001d7354000 	/usr/lib/libamsupport.dylib
0x000000028223c000 	/usr/lib/libReverseProxyDevice.dylib
0x000000024438f000 	/System/Library/PrivateFrameworks/AppleDeviceQuerySupport.framework/Versions/A/AppleDeviceQuerySupport
0x00000001da241000 	/usr/lib/libpartition2_dynamic.dylib
0x00000001a8b1c000 	/System/Library/Frameworks/UserNotifications.framework/Versions/A/UserNotifications
0x00000001e9b49000 	/System/Library/Frameworks/CryptoKit.framework/Versions/A/CryptoKit
0x00000001b4e5e000 	/System/Library/PrivateFrameworks/CryptoKitCBridging.framework/Versions/A/CryptoKitCBridging
0x00000001b26ad000 	/System/Library/Frameworks/CryptoTokenKit.framework/Versions/A/CryptoTokenKit
0x00000001ddd9e000 	/usr/lib/swift/libswiftCryptoTokenKit.dylib
0x00000001b2711000 	/System/Library/Frameworks/LocalAuthentication.framework/Versions/A/LocalAuthentication
0x000000025cba6000 	/System/Library/PrivateFrameworks/LocalAuthenticationCore.framework/Versions/A/LocalAuthenticationCore
0x00000001b2766000 	/System/Library/Frameworks/LocalAuthentication.framework/Support/SharedUtils.framework/Versions/A/SharedUtils
0x00000001ad157000 	/usr/lib/libTelephonyUtilDynamic.dylib
0x00000001b173a000 	/System/Library/PrivateFrameworks/SymptomDiagnosticReporter.framework/Versions/A/SymptomDiagnosticReporter
0x000000024c78a000 	/System/Library/PrivateFrameworks/CryptoKitPrivate.framework/Versions/A/CryptoKitPrivate
0x00000001a450a000 	/System/Library/PrivateFrameworks/ApplePushService.framework/Versions/A/ApplePushService
0x00000001c2c34000 	/System/Library/PrivateFrameworks/FindMyDevice.framework/Versions/A/FindMyDevice
0x00000001a247b000 	/System/Library/PrivateFrameworks/CommonUtilities.framework/Versions/A/CommonUtilities
0x00000001d8ccb000 	/System/Library/PrivateFrameworks/DeviceIdentity.framework/Versions/A/DeviceIdentity
0x00000001aac4c000 	/System/Library/PrivateFrameworks/Bom.framework/Versions/A/Bom
0x00000001acc1b000 	/usr/lib/libParallelCompression.dylib
0x00000001acc0d000 	/System/Library/PrivateFrameworks/MultiverseSupport.framework/Versions/A/MultiverseSupport
0x00000001b8745000 	/System/Library/PrivateFrameworks/FMCoreLite.framework/Versions/A/FMCoreLite
0x00000001a8878000 	/System/Library/PrivateFrameworks/AuthKit.framework/Versions/A/AuthKit
0x00000001b186d000 	/System/Library/PrivateFrameworks/DiskManagement.framework/Versions/A/DiskManagement
0x00000001b1779000 	/System/Library/PrivateFrameworks/AppleIDAuthSupport.framework/Versions/A/AppleIDAuthSupport
0x0000000240feb000 	/System/Library/PrivateFrameworks/AAAFoundation.framework/Versions/A/AAAFoundation
0x00000001ad10b000 	/System/Library/PrivateFrameworks/KeychainCircle.framework/Versions/A/KeychainCircle
0x00000001bd338000 	/System/Library/PrivateFrameworks/URLFormatting.framework/Versions/A/URLFormatting
0x00000001b45b6000 	/usr/lib/libcsfde.dylib
0x00000001aa6ac000 	/usr/lib/libCoreStorage.dylib
0x00000001ae4ca000 	/System/Library/PrivateFrameworks/ProtectedCloudStorage.framework/Versions/A/ProtectedCloudStorage
0x00000001b45b1000 	/System/Library/PrivateFrameworks/EFILogin.framework/Versions/A/EFILogin
0x00000001bc5e0000 	/System/Library/PrivateFrameworks/CloudServices.framework/Versions/A/CloudServices
0x00000001b1b86000 	/System/Library/PrivateFrameworks/OctagonTrust.framework/Versions/A/OctagonTrust
0x00000001b22a0000 	/System/Library/PrivateFrameworks/AVFCore.framework/Versions/A/AVFCore
0x00000001bb06a000 	/System/Library/PrivateFrameworks/AVFCapture.framework/Versions/A/AVFCapture
0x00000001ab8f4000 	/System/Library/Frameworks/MediaToolbox.framework/Versions/A/MediaToolbox
0x00000001b1962000 	/System/Library/PrivateFrameworks/CoreAVCHD.framework/Versions/A/CoreAVCHD
0x00000001b195e000 	/System/Library/PrivateFrameworks/Mangrove.framework/Versions/A/Mangrove
0x0000000246f65000 	/System/Library/PrivateFrameworks/CMPhoto.framework/Versions/A/CMPhoto
0x00000001b20bd000 	/System/Library/Frameworks/CoreTelephony.framework/Versions/A/CoreTelephony
0x00000001b1951000 	/System/Library/PrivateFrameworks/CoreAUC.framework/Versions/A/CoreAUC
0x00000002447d1000 	/System/Library/PrivateFrameworks/AppleJPEGXL.framework/Versions/A/AppleJPEGXL
0x0000000246d91000 	/System/Library/PrivateFrameworks/CMImaging.framework/Versions/A/CMImaging
0x00000001bb282000 	/System/Library/PrivateFrameworks/Quagga.framework/Versions/A/Quagga
0x00000001bb3b5000 	/System/Library/PrivateFrameworks/CMCapture.framework/Versions/A/CMCapture
0x00000001accef000 	/System/Library/Frameworks/CoreMediaIO.framework/Versions/A/CoreMediaIO
0x00000001b4fe9000 	/System/Library/PrivateFrameworks/Espresso.framework/Versions/A/Espresso
0x00000001f8646000 	/System/Library/PrivateFrameworks/ANECompiler.framework/Versions/A/ANECompiler
0x00000001b6fcf000 	/System/Library/PrivateFrameworks/AppleNeuralEngine.framework/Versions/A/AppleNeuralEngine
0x00000001fe8e5000 	/System/Library/Frameworks/MetalPerformanceShadersGraph.framework/Versions/A/MetalPerformanceShadersGraph
0x000000025d69e000 	/System/Library/PrivateFrameworks/MLCompilerServices.framework/Versions/A/MLCompilerServices
0x00000001b5ea5000 	/System/Library/PrivateFrameworks/ANEServices.framework/Versions/A/ANEServices
0x00000001c869b000 	/usr/lib/libncurses.5.4.dylib
0x000000019ea80000 	/usr/lib/libsandbox.1.dylib
0x00000001aa6a4000 	/usr/lib/libMatch.1.dylib
0x000000025d642000 	/System/Library/PrivateFrameworks/MLCompilerRuntime.framework/Versions/A/MLCompilerRuntime
0x0000000246cc7000 	/System/Library/PrivateFrameworks/CMCaptureDevice.framework/Versions/A/CMCaptureDevice
0x0000000247ab7000 	/System/Library/PrivateFrameworks/CinematicFraming.framework/Versions/A/CinematicFraming
0x00000001c2632000 	/System/Library/Frameworks/CoreMotion.framework/Versions/A/CoreMotion
0x00000001d1356000 	/System/Library/PrivateFrameworks/TimeSync.framework/Versions/A/TimeSync
0x000000024d229000 	/System/Library/PrivateFrameworks/DistributedSensing.framework/Versions/A/DistributedSensing
0x00000001cd225000 	/System/Library/PrivateFrameworks/MobileBluetooth.framework/Versions/A/MobileBluetooth
0x00000001ac88d000 	/System/Library/PrivateFrameworks/LocationSupport.framework/Versions/A/LocationSupport
0x00000001d2e18000 	/System/Library/PrivateFrameworks/IOKitten.framework/Versions/A/IOKitten
0x00000001a039f000 	/System/Library/PrivateFrameworks/CoreDuet.framework/Versions/A/CoreDuet
0x00000001b38cf000 	/System/Library/PrivateFrameworks/CoreDuetContext.framework/Versions/A/CoreDuetContext
0x00000001cddd2000 	/System/Library/PrivateFrameworks/BiomeFoundation.framework/Versions/A/BiomeFoundation
0x0000000245b16000 	/System/Library/PrivateFrameworks/BiomeLibrary.framework/Versions/A/BiomeLibrary
0x00000001d13d4000 	/System/Library/PrivateFrameworks/BiomeStreams.framework/Versions/A/BiomeStreams
0x00000001d76ff000 	/System/Library/PrivateFrameworks/BiomePubSub.framework/Versions/A/BiomePubSub
0x00000001a4572000 	/System/Library/Frameworks/CloudKit.framework/Versions/A/CloudKit
0x00000001b3925000 	/System/Library/Frameworks/Intents.framework/Versions/A/Intents
0x00000001b604d000 	/System/Library/PrivateFrameworks/CoreDuetDaemonProtocol.framework/Versions/A/CoreDuetDaemonProtocol
0x00000001b5ed3000 	/System/Library/PrivateFrameworks/ProactiveSupport.framework/Versions/A/ProactiveSupport
0x0000000267337000 	/System/Library/PrivateFrameworks/PoirotSchematizer.framework/Versions/A/PoirotSchematizer
0x00000002461b0000 	/System/Library/PrivateFrameworks/BiomeSync.framework/Versions/A/BiomeSync
0x0000000245af7000 	/System/Library/PrivateFrameworks/BiomeFlexibleStorage.framework/Versions/A/BiomeFlexibleStorage
0x0000000245adb000 	/System/Library/PrivateFrameworks/BiomeDSL.framework/Versions/A/BiomeDSL
0x00000001d775c000 	/System/Library/PrivateFrameworks/BiomeStorage.framework/Versions/A/BiomeStorage
0x00000002673a4000 	/System/Library/PrivateFrameworks/PoirotUDFs.framework/Versions/A/PoirotUDFs
0x0000000267306000 	/System/Library/PrivateFrameworks/PoirotSQLite.framework/Versions/A/PoirotSQLite
0x00000001b4952000 	/System/Library/PrivateFrameworks/InternationalTextSearch.framework/Versions/A/InternationalTextSearch
0x000000025b1ca000 	/System/Library/PrivateFrameworks/IntelligencePlatformLibrary.framework/Versions/A/IntelligencePlatformLibrary
0x000000024767c000 	/System/Library/PrivateFrameworks/CascadeSets.framework/Versions/A/CascadeSets
0x00000001adba9000 	/System/Library/PrivateFrameworks/IDS.framework/Versions/A/IDS
0x00000001ac813000 	/System/Library/PrivateFrameworks/IMFoundation.framework/Versions/A/IMFoundation
0x00000001bc90f000 	/System/Library/PrivateFrameworks/Marco.framework/Versions/A/Marco
0x00000001add76000 	/System/Library/PrivateFrameworks/IDSFoundation.framework/Versions/A/IDSFoundation
0x00000001b962f000 	/System/Library/PrivateFrameworks/Engram.framework/Versions/A/Engram
0x00000001b95cf000 	/usr/lib/libtidy.A.dylib
0x00000001d0ebd000 	/System/Library/PrivateFrameworks/FTAWD.framework/Versions/A/FTAWD
0x0000000201119000 	/System/Library/Frameworks/SharedWithYouCore.framework/Versions/A/SharedWithYouCore
0x00000001b4a1d000 	/System/Library/PrivateFrameworks/AppleAccount.framework/Versions/A/AppleAccount
0x00000001b4f43000 	/System/Library/PrivateFrameworks/C2.framework/Versions/A/C2
0x00000001a5d63000 	/System/Library/Frameworks/CoreLocation.framework/Versions/A/CoreLocation
0x0000000247e65000 	/System/Library/PrivateFrameworks/CloudAssets.framework/Versions/A/CloudAssets
0x00000001b4f3a000 	/System/Library/Frameworks/PushKit.framework/Versions/A/PushKit
0x00000001df871000 	/usr/lib/swift/libswiftAVFoundation.dylib
0x00000001c9b0b000 	/usr/lib/swift/libswiftCoreLocation.dylib
0x00000001c9b21000 	/usr/lib/swift/libswiftCoreMIDI.dylib
0x00000001ddda0000 	/usr/lib/swift/libswiftCoreMedia.dylib
0x00000001ae00a000 	/System/Library/PrivateFrameworks/Sharing.framework/Versions/A/Sharing
0x00000001b3f75000 	/System/Library/PrivateFrameworks/Apple80211.framework/Versions/A/Apple80211
0x00000001a7e33000 	/System/Library/Frameworks/CoreWLAN.framework/Versions/A/CoreWLAN
0x00000001b803a000 	/System/Library/PrivateFrameworks/AssistantServices.framework/Versions/A/AssistantServices
0x00000001b293a000 	/System/Library/PrivateFrameworks/SAObjects.framework/Versions/A/SAObjects
0x00000001b7c72000 	/System/Library/PrivateFrameworks/MediaRemote.framework/Versions/A/MediaRemote
0x00000001c8d7d000 	/System/Library/PrivateFrameworks/SiriInstrumentation.framework/Versions/A/SiriInstrumentation
0x000000026abd4000 	/System/Library/PrivateFrameworks/SiriAnalytics.framework/Versions/A/SiriAnalytics
0x000000027078a000 	/System/Library/PrivateFrameworks/SiriTTSService.framework/Versions/A/SiriTTSService
0x000000026b590000 	/System/Library/PrivateFrameworks/SiriCrossDeviceArbitration.framework/Versions/A/SiriCrossDeviceArbitration
0x00000001c6a16000 	/System/Library/PrivateFrameworks/FeedbackLogger.framework/Versions/A/FeedbackLogger
0x000000026b5e4000 	/System/Library/PrivateFrameworks/SiriCrossDeviceArbitrationFeedback.framework/Versions/A/SiriCrossDeviceArbitrationFeedback
0x0000000254fcb000 	/System/Library/PrivateFrameworks/GenerativeModels.framework/Versions/A/GenerativeModels
0x00000001bc77b000 	/System/Library/PrivateFrameworks/MediaServices.framework/Versions/A/MediaServices
0x00000001aa90f000 	/System/Library/PrivateFrameworks/PersistentConnection.framework/Versions/A/PersistentConnection
0x00000001ae7a3000 	/System/Library/PrivateFrameworks/GeoServices.framework/Versions/A/GeoServices
0x00000002551f3000 	/System/Library/PrivateFrameworks/GeoServicesCore.framework/Versions/A/GeoServicesCore
0x00000001bd336000 	/System/Library/PrivateFrameworks/PhoneNumbers.framework/Versions/A/PhoneNumbers
0x000000024cc92000 	/System/Library/PrivateFrameworks/Dendrite.framework/Versions/A/Dendrite
0x000000024548f000 	/System/Library/PrivateFrameworks/AtomicsInternal.framework/Versions/A/AtomicsInternal
0x00000001ca91b000 	/usr/lib/libtailspin.dylib
0x00000001dd89c000 	/System/Library/PrivateFrameworks/Osprey.framework/Versions/A/Osprey
0x000000026fe09000 	/System/Library/PrivateFrameworks/SiriTTS.framework/Versions/A/SiriTTS
0x00000001c3647000 	/System/Library/Frameworks/NaturalLanguage.framework/Versions/A/NaturalLanguage
0x000000026eb43000 	/System/Library/PrivateFrameworks/SiriPowerInstrumentation.framework/Versions/A/SiriPowerInstrumentation
0x00000001c446c000 	/System/Library/PrivateFrameworks/Trial.framework/Versions/A/Trial
0x00000001c43ee000 	/System/Library/PrivateFrameworks/TrialProto.framework/Versions/A/TrialProto
0x00000002778da000 	/System/Library/PrivateFrameworks/UnifiedAssetFramework.framework/Versions/A/UnifiedAssetFramework
0x00000001ee798000 	/usr/lib/swift/libswiftNaturalLanguage.dylib
0x000000027370b000 	/System/Library/PrivateFrameworks/TailspinSymbolication.framework/Versions/A/TailspinSymbolication
0x000000024c9a1000 	/System/Library/PrivateFrameworks/Darwinup.framework/Versions/A/Darwinup
0x00000001d6677000 	/System/Library/PrivateFrameworks/SignpostSupport.framework/Versions/A/SignpostSupport
0x00000001c3510000 	/System/Library/PrivateFrameworks/FeatureFlagsSupport.framework/Versions/A/FeatureFlagsSupport
0x00000001d5dda000 	/System/Library/PrivateFrameworks/ktrace.framework/Versions/A/ktrace
0x00000001d68f7000 	/System/Library/PrivateFrameworks/SampleAnalysis.framework/Versions/A/SampleAnalysis
0x00000001df137000 	/System/Library/PrivateFrameworks/kperfdata.framework/Versions/A/kperfdata
0x00000001ae684000 	/usr/lib/libdscsym.dylib
0x00000001df5cf000 	/System/Library/PrivateFrameworks/BulkSymbolication.framework/Versions/A/BulkSymbolication
0x00000001a4a0c000 	/System/Library/Frameworks/CoreML.framework/Versions/A/CoreML
0x00000001eca72000 	/usr/lib/libedit.3.dylib
0x00000001a8479000 	/System/Library/Frameworks/MLCompute.framework/Versions/A/MLCompute
0x000000025d4f1000 	/System/Library/PrivateFrameworks/MLAssetIO.framework/Versions/A/MLAssetIO
0x0000000283245000 	/usr/lib/swift/libswiftMLCompute.dylib
0x000000019cf51000 	/System/Library/PrivateFrameworks/LanguageModeling.framework/Versions/A/LanguageModeling
0x00000001a1abd000 	/System/Library/PrivateFrameworks/Montreal.framework/Versions/A/Montreal
0x00000001a8da7000 	/usr/lib/libcmph.dylib
0x000000025508d000 	/System/Library/PrivateFrameworks/GenerativeModelsFoundation.framework/Versions/A/GenerativeModelsFoundation
0x0000000275ca1000 	/System/Library/PrivateFrameworks/TokenGeneration.framework/Versions/A/TokenGeneration
0x0000000254e64000 	/System/Library/PrivateFrameworks/GenerativeFunctions.framework/Versions/A/GenerativeFunctions
0x0000000254eb5000 	/System/Library/PrivateFrameworks/GenerativeFunctionsFoundation.framework/Versions/A/GenerativeFunctionsFoundation
0x0000000260445000 	/System/Library/PrivateFrameworks/ModelCatalog.framework/Versions/A/ModelCatalog
0x000000026a4d1000 	/System/Library/PrivateFrameworks/SensitiveContentAnalysisML.framework/Versions/A/SensitiveContentAnalysisML
0x0000000254f64000 	/System/Library/PrivateFrameworks/GenerativeFunctionsInstrumentation.framework/Versions/A/GenerativeFunctionsInstrumentation
0x00000002683c9000 	/System/Library/PrivateFrameworks/PromptKit.framework/Versions/A/PromptKit
0x0000000267ef3000 	/System/Library/PrivateFrameworks/ProactiveDaemonSupport.framework/Versions/A/ProactiveDaemonSupport
0x0000000275e59000 	/System/Library/PrivateFrameworks/TokenGenerationCore.framework/Versions/A/TokenGenerationCore
0x0000000278f51000 	/System/Library/PrivateFrameworks/VectorSearch.framework/Versions/A/VectorSearch
0x000000026070a000 	/System/Library/PrivateFrameworks/ModelManagerServices.framework/Versions/A/ModelManagerServices
0x00000002443f1000 	/System/Library/PrivateFrameworks/AppleFlatBuffers.framework/Versions/A/AppleFlatBuffers
0x00000001bcd25000 	/System/Library/PrivateFrameworks/ProactiveEventTracker.framework/Versions/A/ProactiveEventTracker
0x0000000241007000 	/System/Library/PrivateFrameworks/AAAFoundationSwift.framework/Versions/A/AAAFoundationSwift
0x00000001b4c72000 	/System/Library/PrivateFrameworks/AppleIDSSOAuthentication.framework/Versions/A/AppleIDSSOAuthentication
0x00000001d0648000 	/usr/lib/swift/libswiftCompression.dylib
0x000000026a65c000 	/System/Library/PrivateFrameworks/SentencePieceInternal.framework/Versions/A/SentencePieceInternal
0x00000001b0b05000 	/System/Library/Frameworks/Vision.framework/Versions/A/Vision
0x000000024c3f5000 	/System/Library/PrivateFrameworks/CoreSceneUnderstanding.framework/Versions/A/CoreSceneUnderstanding
0x0000000279adc000 	/System/Library/PrivateFrameworks/VisionCore.framework/Versions/A/VisionCore
0x00000001cc21c000 	/System/Library/Frameworks/Vision.framework/libfaceCore.dylib
0x00000001ccd16000 	/System/Library/PrivateFrameworks/Futhark.framework/Versions/A/Futhark
0x00000001d0410000 	/System/Library/PrivateFrameworks/InertiaCam.framework/Versions/A/InertiaCam
0x00000001ccac9000 	/System/Library/PrivateFrameworks/TextRecognition.framework/Versions/A/TextRecognition
0x00000001aa542000 	/System/Library/PrivateFrameworks/CVNLP.framework/Versions/A/CVNLP
0x0000000253be6000 	/System/Library/PrivateFrameworks/GRDBInternal.framework/Versions/A/GRDBInternal
0x00000001b6d3d000 	/System/Library/PrivateFrameworks/RTCReporting.framework/Versions/A/RTCReporting
0x00000001b4f29000 	/System/Library/PrivateFrameworks/IntentsFoundation.framework/Versions/A/IntentsFoundation
0x00000001ad932000 	/System/Library/Frameworks/NetworkExtension.framework/Versions/A/NetworkExtension
0x00000001c821c000 	/System/Library/PrivateFrameworks/CaptiveNetwork.framework/Versions/A/CaptiveNetwork
0x00000001b44c2000 	/System/Library/PrivateFrameworks/EAP8021X.framework/Versions/A/EAP8021X
0x000000012a128000 	/Users/kavinduakash/.openjfx/cache/17.0.2-ea/libjavafx_font.dylib
0x00000001d68c3000 	/System/Library/PrivateFrameworks/UIKitServices.framework/Versions/A/UIKitServices
0x0000000273cc6000 	/System/Library/PrivateFrameworks/TextInputUI.framework/Versions/A/TextInputUI
0x0000000273cea000 	/System/Library/PrivateFrameworks/TextInputUIMacHelper.framework/Versions/A/TextInputUIMacHelper
0x0000000269af0000 	/System/Library/PrivateFrameworks/Sage.framework/Versions/A/Sage
0x0000000175184000 	/Library/Java/JavaVirtualMachines/jdk-21.jdk/Contents/Home/lib/libawt.dylib
0x0000000175234000 	/Library/Java/JavaVirtualMachines/jdk-21.jdk/Contents/Home/lib/libmlib_image.dylib
0x00000001fdb39000 	/System/Library/Frameworks/JavaRuntimeSupport.framework/Versions/A/JavaRuntimeSupport
0x00000001753c4000 	/Library/Java/JavaVirtualMachines/jdk-21.jdk/Contents/Home/lib/libawt_lwawt.dylib
0x0000000173f9c000 	/Library/Java/JavaVirtualMachines/jdk-21.jdk/Contents/Home/lib/libosxapp.dylib
0x00000001c0e48000 	/System/Library/Frameworks/ExceptionHandling.framework/Versions/A/ExceptionHandling
0x0000000175708000 	/Library/Java/JavaVirtualMachines/jdk-21.jdk/Contents/Home/lib/libfontmanager.dylib
0x00000001754e8000 	/Library/Java/JavaVirtualMachines/jdk-21.jdk/Contents/Home/lib/libfreetype.dylib
0x00000003844ec000 	/Library/Java/JavaVirtualMachines/jdk-21.jdk/Contents/Home/lib/libosxui.dylib


VM Arguments:
jvm_args: --module-path=/Users/kavinduakash/Developer/IJSE/PRF/supermarket/target/classes:/Users/kavinduakash/.m2/repository/net/sf/jasperreports/jasperreports/7.0.3/jasperreports-7.0.3.jar:/Users/kavinduakash/.m2/repository/org/openjfx/javafx-base/17.0.2/javafx-base-17.0.2-mac-aarch64.jar:/Users/kavinduakash/.m2/repository/org/openjfx/javafx-controls/17.0.2/javafx-controls-17.0.2-mac-aarch64.jar:/Users/kavinduakash/.m2/repository/org/openjfx/javafx-fxml/17.0.2/javafx-fxml-17.0.2-mac-aarch64.jar:/Users/kavinduakash/.m2/repository/org/openjfx/javafx-graphics/17.0.2/javafx-graphics-17.0.2-mac-aarch64.jar --add-modules=lk.ijse.supermarket -Djdk.module.main=lk.ijse.supermarket 
java_command: lk.ijse.supermarket/lk.ijse.supermarket.App
java_class_path (initial): /Users/kavinduakash/Developer/IJSE/PRF/supermarket/target/classes:/Users/kavinduakash/.m2/repository/com/fasterxml/jackson/core/jackson-annotations/2.18.2/jackson-annotations-2.18.2.jar:/Users/kavinduakash/.m2/repository/com/fasterxml/jackson/core/jackson-core/2.18.2/jackson-core-2.18.2.jar:/Users/kavinduakash/.m2/repository/com/fasterxml/jackson/core/jackson-databind/2.18.2/jackson-databind-2.18.2.jar:/Users/kavinduakash/.m2/repository/com/fasterxml/jackson/dataformat/jackson-dataformat-xml/2.18.2/jackson-dataformat-xml-2.18.2.jar:/Users/kavinduakash/.m2/repository/com/fasterxml/woodstox/woodstox-core/7.0.0/woodstox-core-7.0.0.jar:/Users/kavinduakash/.m2/repository/com/google/protobuf/protobuf-java/4.31.1/protobuf-java-4.31.1.jar:/Users/kavinduakash/.m2/repository/com/mysql/mysql-connector-j/9.5.0/mysql-connector-j-9.5.0.jar:/Users/kavinduakash/.m2/repository/commons-beanutils/commons-beanutils/1.9.4/commons-beanutils-1.9.4.jar:/Users/kavinduakash/.m2/repository/commons-collections/commons-collections/3.2.2/commons-collections-3.2.2.jar:/Users/kavinduakash/.m2/repository/commons-io/commons-io/2.11.0/commons-io-2.11.0.jar:/Users/kavinduakash/.m2/repository/commons-logging/commons-logging/1.3.0/commons-logging-1.3.0.jar:/Users/kavinduakash/.m2/repository/net/sf/jasperreports/jasperreports-fonts/7.0.3/jasperreports-fonts-7.0.3.jar:/Users/kavinduakash/.m2/repository/net/tascalate/javaflow/net.tascalate.javaflow.api/2.7.5/net.tascalate.javaflow.api-2.7.5.jar:/Users/kavinduakash/.m2/repository/org/apache/commons/commons-collections4/4.4/commons-collections4-4.4.jar:/Users/kavinduakash/.m2/repository/org/apache/xmlgraphics/batik-anim/1.18/batik-anim-1.18.jar:/Users/kavinduakash/.m2/repository/org/apache/xmlgraphics/batik-awt-util/1.18/batik-awt-util-1.18.jar:/Users/kavinduakash/.m2/repository/org/apache/xmlgraphics/batik-bridge/1.18/batik-bridge-1.18.jar:/Users/kavinduakash/.m2/repository/org/apache/xmlgraphics/batik-constants/1.18/batik-constants-1.18.jar:/Users/kavinduakash/.m2/repository/org/apache/xmlgraphics/batik-css/1.18/batik-css-1.18.jar:/Users/kavinduakash/.m2/repository/org/apache/xmlgraphics/batik-dom/1.18/batik-dom-1.18.jar:/Users/kavinduakash/.m2/repository/org/apache/xmlgraphics/batik-ext/1.18/batik-ext-1.18.jar:/Users/kavinduakash/.m2/repository/org/apache/xmlgraphics/batik-gvt/1.18/batik-gvt-1.18.jar:/Users/kavinduakash/.m2/repository/org/apache/xmlgraphics/batik-i18n/1.18/batik-i18n-1.18.jar:/Users/kavinduakash/.m2/repository/org/apache/xmlgraphics/batik-parser/1.18/batik-parser-1.18.jar:/Users/kavinduakash/.m2/repository/org/apache/xmlgraphics/batik-script/1.18/batik-script-1.18.jar:/Users/kavinduakash/.m2/repository/org/apache/xmlgraphics/batik-shared-resources/1.18/batik-shared-resources-1.18.jar:/Users/kavinduakash/.m2/repository/org/apache/xmlgraphics/batik-svg-dom/1.18/batik-svg-dom-1.18.jar:/Users/kavinduakash/.m2/repository/org/apache/xmlgraphics/batik-util/1.18/batik-util-1.18.jar:/Users/kavinduakash/.m2/repository/org/apache/xmlgraphics/batik-xml/1.18/batik-xml-1.18.jar:/Users/kavinduakash/.m2/repository/org/apache/xmlgraphics/xmlgraphics-commons/2.10/xmlgraphics-commons-2.10.jar:/Users/kavinduakash/.m2/repository/org/codehaus/woodstox/stax2-api/4.2.2/stax2-api-4.2.2.jar:/Users/kavinduakash/.m2/repository/org/controlsfx/controlsfx/11.1.1/controlsfx-11.1.1.jar:/Users/kavinduakash/.m2/repository/org/openjfx/javafx-base/17.0.2/javafx-base-17.0.2.jar:/Users/kavinduakash/.m2/repository/org/openjfx/javafx-controls/17.0.2/javafx-controls-17.0.2.jar:/Users/kavinduakash/.m2/repository/org/openjfx/javafx-fxml/17.0.2/javafx-fxml-17.0.2.jar:/Users/kavinduakash/.m2/repository/org/openjfx/javafx-graphics/17.0.2/javafx-graphics-17.0.2.jar:/Users/kavinduakash/.m2/repository/org/slf4j/slf4j-api/1.8.0-beta4/slf4j-api-1.8.0-beta4.jar:/Users/kavinduakash/.m2/repository/xml-apis/xml-apis-ext/1.3.04/xml-apis-ext-1.3.04.jar
Launcher Type: SUN_STANDARD

[Global flags]
     intx CICompilerCount                          = 4                                         {product} {ergonomic}
     uint ConcGCThreads                            = 2                                         {product} {ergonomic}
     uint G1ConcRefinementThreads                  = 9                                         {product} {ergonomic}
   size_t G1HeapRegionSize                         = 2097152                                   {product} {ergonomic}
    uintx GCDrainStackTargetSize                   = 64                                        {product} {ergonomic}
   size_t InitialHeapSize                          = 268435456                                 {product} {ergonomic}
   size_t MarkStackSize                            = 4194304                                   {product} {ergonomic}
   size_t MaxHeapSize                              = 4294967296                                {product} {ergonomic}
   size_t MaxNewSize                               = 2575302656                                {product} {ergonomic}
   size_t MinHeapDeltaBytes                        = 2097152                                   {product} {ergonomic}
   size_t MinHeapSize                              = 8388608                                   {product} {ergonomic}
    uintx NonNMethodCodeHeapSize                   = 5839564                                {pd product} {ergonomic}
    uintx NonProfiledCodeHeapSize                  = 122909338                              {pd product} {ergonomic}
    uintx ProfiledCodeHeapSize                     = 122909338                              {pd product} {ergonomic}
    uintx ReservedCodeCacheSize                    = 251658240                              {pd product} {ergonomic}
     bool SegmentedCodeCache                       = true                                      {product} {ergonomic}
   size_t SoftMaxHeapSize                          = 4294967296                             {manageable} {ergonomic}
     bool UseCompressedOops                        = true                           {product lp64_product} {ergonomic}
     bool UseG1GC                                  = true                                      {product} {ergonomic}
     bool UseNUMA                                  = false                                     {product} {ergonomic}
     bool UseNUMAInterleaving                      = false                                     {product} {ergonomic}

Logging:
Log output configuration:
 #0: stdout all=warning uptime,level,tags foldmultilines=false
 #1: stderr all=off uptime,level,tags foldmultilines=false

Environment Variables:
JAVA_HOME=/Library/Java/JavaVirtualMachines/jdk-21.jdk/Contents/Home
PATH=/usr/bin:/bin:/usr/sbin:/sbin
SHELL=/bin/zsh
LC_CTYPE=UTF-8
TMPDIR=/var/folders/f6/vtjmc89s4k7bx1_vm_yjk0zh0000gn/T/

Active Locale:
LC_ALL=C/UTF-8/C/C/C/C
LC_COLLATE=C
LC_CTYPE=UTF-8
LC_MESSAGES=C
LC_MONETARY=C
LC_NUMERIC=C
LC_TIME=C

Signal Handlers:
   SIGSEGV: crash_handler in libjvm.dylib, mask=11100110000111110111111111111111, flags=SA_ONSTACK|SA_RESTART|SA_SIGINFO, unblocked
    SIGBUS: crash_handler in libjvm.dylib, mask=11100110000111110111111111111111, flags=SA_RESTART|SA_SIGINFO, unblocked
    SIGFPE: crash_handler in libjvm.dylib, mask=11100110000111110111111111111111, flags=SA_RESTART|SA_SIGINFO, unblocked
   SIGPIPE: javaSignalHandler in libjvm.dylib, mask=11100110000111110111111111111111, flags=SA_RESTART|SA_SIGINFO, blocked
   SIGXFSZ: javaSignalHandler in libjvm.dylib, mask=11100110000111110111111111111111, flags=SA_RESTART|SA_SIGINFO, blocked
    SIGILL: crash_handler in libjvm.dylib, mask=11100110000111110111111111111111, flags=SA_RESTART|SA_SIGINFO, unblocked
   SIGUSR2: SR_handler in libjvm.dylib, mask=00000000000000000000000000000000, flags=SA_RESTART|SA_SIGINFO, blocked
    SIGHUP: UserHandler in libjvm.dylib, mask=11100110000111110111111111111111, flags=SA_RESTART|SA_SIGINFO, blocked
    SIGINT: SIG_IGN, mask=00000000000000000000000000000000, flags=none, blocked
   SIGTERM: UserHandler in libjvm.dylib, mask=11100110000111110111111111111111, flags=SA_RESTART|SA_SIGINFO, blocked
   SIGQUIT: UserHandler in libjvm.dylib, mask=11100110000111110111111111111111, flags=SA_RESTART|SA_SIGINFO, blocked
   SIGTRAP: crash_handler in libjvm.dylib, mask=11100110000111110111111111111111, flags=SA_RESTART|SA_SIGINFO, unblocked


Periodic native trim disabled

---------------  S Y S T E M  ---------------

OS:
uname: Darwin 24.6.0 Darwin Kernel Version 24.6.0: Mon Jul 14 11:30:40 PDT 2025; root:xnu-11417.140.69~1/RELEASE_ARM64_T8132 arm64
OS uptime: 7 days 5:09 hours
rlimit (soft/hard): STACK 8176k/65520k , CORE 0k/infinity , NPROC 2666/4000 , NOFILE 2147483647/infinity , AS infinity/infinity , CPU infinity/infinity , DATA infinity/infinity , FSIZE infinity/infinity , MEMLOCK infinity/infinity , RSS infinity/infinity
load average: 1.46 1.86 1.91

CPU: total 10 (initial active 10) 0x61:0x0:0x6f5129ac:0, fp, asimd, aes, pmull, sha1, sha256, crc32, lse, sha3, sha512
machdep.cpu.brand_string:Apple M4
hw.cachelinesize:128
hw.l1icachesize:131072
hw.l1dcachesize:65536
hw.l2cachesize:4194304

Memory: 16k page, physical 16777216k(108768k free), swap 1048576k(914624k free)

vm_info: Java HotSpot(TM) 64-Bit Server VM (21.0.7+8-LTS-245) for bsd-aarch64 JRE (21.0.7+8-LTS-245), built on 2025-02-21T05:11:27Z by "mach5one" with clang Apple LLVM 12.0.0 (clang-1200.0.32.29)

END.
